질문,라벨링
반려동물을 데리고 와도 되나요?,반려동물
애완동물을 동반할 수 있나요?,반려동물
반려동물과 함께 숙박 가능한가요?,반려동물
애완동물 입장이 허용되나요?,반려동물
반려동물 출입이 가능한지요?,반려동물
강아지를 데려가도 되나요?,반려동물
애완동물을 허용하나요?,반려동물
반려동물과 함께 이용 가능한가요?,반려동물
숙소에 반려동물과 동행할 수 있나요?,반려동물
애완동물과 함께 묵을 수 있나요?,반려동물
반려동물과 함께 머물 수 있나요?,반려동물
반려동물을 데리고 숙박할 수 있나요?,반려동물
반려동물과 동반 가능 여부를 알고 싶어요.,반려동물
애완동물과 함께 이용할 수 있나요?,반려동물
반려동물을 허용하는지 궁금합니다.,반려동물
펫 동반이 허용되나요?,반려동물
강아지와 함께 숙박 가능한가요?,반려동물
고양이를 데리고 갈 수 있나요?,반려동물
애완동물과 동행해도 괜찮나요?,반려동물
반려동물과 함께 지내도 되나요?,반려동물
반려동물을 데리고 가도 괜찮은지요?,반려동물
반려동물 입장이 가능한지 알려주세요.,반려동물
반려동물과 함께 체크인할 수 있나요?,반려동물
반려동물을 허용하는 숙소인가요?,반려동물
동물 동반이 허용되나요?,반려동물
애완동물을 데리고 들어가도 되나요?,반려동물
강아지나 고양이 동반이 가능한가요?,반려동물
펫 동반 여부를 확인하고 싶어요.,반려동물
반려동물과 머무를 수 있는지 알고 싶습니다.,반려동물
애완동물 허용 정책이 있나요?,반려동물
반려동물을 데리고 체크인할 수 있나요?,반려동물
반려동물 입장이 가능한 숙소인가요?,반려동물
강아지를 숙소에 데려갈 수 있나요?,반려동물
반려동물과 함께 묵을 수 있나요?,반려동물
고양이를 데려와도 괜찮나요?,반려동물
반려동물과 동반할 수 있는지 확인 부탁드려요.,반려동물
펫과 함께 지낼 수 있나요?,반려동물
반려동물 허용 여부를 알고 싶습니다.,반려동물
강아지나 고양이 입장이 가능한가요?,반려동물
숙소에 반려동물을 데려갈 수 있는지요?,반려동물
반려동물과 함께 묵을 수 있나요?,반려동물
반려동물과의 동반이 가능한가요?,반려동물
숙소에 반려동물을 데려갈 수 있나요?,반려동물
애완동물과 숙박 가능한지요?,반려동물
반려동물과 함께 체크인 가능한가요?,반려동물
강아지를 데려갈 수 있는지요?,반려동물
애완동물 입장이 허용되나요?,반려동물
고양이와 함께 머물 수 있나요?,반려동물
반려동물을 허용하는 숙소인가요?,반려동물
반려동물 동반 숙박이 가능한지 궁금합니다.,반려동물
세탁기 건조기 있나요?,세탁시설
세탁기와 건조기를 사용할 수 있나요?,세탁시설
세탁과 건조를 할 수 있는 장비가 있나요?,세탁시설
세탁기와 건조기가 비치되어 있나요?,세탁시설
숙소에 세탁기와 건조기가 있나요?,세탁시설
세탁 시설이 구비되어 있나요?,세탁시설
세탁기나 건조기를 사용할 수 있나요?,세탁시설
세탁 시설을 이용할 수 있나요?,세탁시설
세탁기/건조기가 마련되어 있나요?,세탁시설
세탁기를 제공하나요?,세탁시설
건조기를 제공하나요?,세탁시설
빨래할 수 있는 세탁기가 있나요?,세탁시설
세탁기와 건조기 이용이 가능한가요?,세탁시설
숙소 내 세탁기를 사용할 수 있나요?,세탁시설
세탁할 수 있는 장비가 있나요?,세탁시설
세탁기와 건조기가 설치되어 있나요?,세탁시설
세탁기나 건조기 사용 여부를 알고 싶어요.,세탁시설
숙소에서 세탁기와 건조기를 사용할 수 있나요?,세탁시설
세탁기를 사용할 수 있나요?,세탁시설
건조기를 사용할 수 있나요?,세탁시설
숙소에 세탁기가 있는지요?,세탁시설
세탁기가 마련되어 있나요?,세탁시설
건조기와 세탁기를 제공하나요?,세탁시설
세탁기를 사용할 수 있는지요?,세탁시설
세탁기와 건조기가 숙소에 있나요?,세탁시설
빨래할 수 있는 시설이 있나요?,세탁시설
세탁기와 건조기 사용 여부를 알려주세요.,세탁시설
숙소 내에서 세탁을 할 수 있나요?,세탁시설
세탁 시설이 마련되어 있나요?,세탁시설
세탁기와 건조기 시설이 구비되어 있나요?,세탁시설
숙소에 세탁기와 건조기가 준비되어 있나요?,세탁시설
세탁기를 이용할 수 있는지요?,세탁시설
숙소에서 빨래를 할 수 있나요?,세탁시설
건조기 이용이 가능한가요?,세탁시설
세탁과 건조가 가능한지요?,세탁시설
세탁 시설을 이용할 수 있나요?,세탁시설
세탁기와 건조기가 구비되어 있나요?,세탁시설
세탁을 할 수 있는지요?,세탁시설
세탁기와 건조기를 사용할 수 있나요?,세탁시설
세탁과 건조를 할 수 있는 장비가 마련되어 있나요?,세탁시설
숙소에서 빨래와 건조를 할 수 있나요?,세탁시설
세탁기와 건조기 대여가 가능한가요?,세탁시설
숙소에 세탁기/건조기 시설이 있나요?,세탁시설
세탁기나 건조기가 숙소에 구비되어 있나요?,세탁시설
세탁 시설이 준비되어 있나요?,세탁시설
숙소에서 세탁기를 이용할 수 있나요?,세탁시설
빨래할 수 있는 세탁기와 건조기가 있나요?,세탁시설
세탁기와 건조기 시설을 사용할 수 있나요?,세탁시설
세탁 시설 이용이 가능한가요?,세탁시설
숙소에서 세탁을 할 수 있는지 궁금합니다.,세탁시설
세탁기와 건조기 사용 여부를 알고 싶습니다.,세탁시설
침구류를 추가할 수 있나요?,침구추가
추가 이불을 요청할 수 있나요?,침구추가
추가로 침구를 받을 수 있나요?,침구추가
이불을 더 요청할 수 있나요?,침구추가
추가 베개를 받을 수 있나요?,침구추가
추가 침구류를 요청할 수 있는지요?,침구추가
침구를 더 받을 수 있나요?,침구추가
이불을 추가로 제공받을 수 있나요?,침구추가
추가 침구류 제공이 가능한가요?,침구추가
숙소에서 침구류를 더 받을 수 있나요?,침구추가
추가 이불을 제공받을 수 있나요?,침구추가
침구류를 더 제공해 줄 수 있나요?,침구추가
침구를 추가로 요청할 수 있나요?,침구추가
숙소에 이불을 더 요청할 수 있나요?,침구추가
추가 베개와 이불을 받을 수 있나요?,침구추가
숙소에서 추가 침구류를 요청할 수 있나요?,침구추가
이불을 추가로 지급받을 수 있나요?,침구추가
추가 침구를 제공받을 수 있는지요?,침구추가
침구류를 더 받을 수 있나요?,침구추가
이불을 더 제공받을 수 있나요?,침구추가
베개와 이불을 추가로 요청할 수 있나요?,침구추가
추가 침구류 제공이 가능한지 궁금합니다.,침구추가
이불을 추가로 제공하나요?,침구추가
숙소에서 추가 침구류를 받을 수 있나요?,침구추가
추가 이불 제공이 가능한지요?,침구추가
숙소에 추가 이불을 제공받을 수 있나요?,침구추가
추가로 침구류를 요청할 수 있나요?,침구추가
침구류를 추가로 받을 수 있나요?,침구추가
숙소에서 추가 이불을 받을 수 있나요?,침구추가
추가 베개를 요청할 수 있나요?,침구추가
추가 침구를 제공해 주시나요?,침구추가
침구를 더 받을 수 있는지요?,침구추가
이불을 추가로 받을 수 있나요?,침구추가
추가 이불 제공이 가능한지 알고 싶습니다.,침구추가
추가 베개와 이불을 요청할 수 있나요?,침구추가
침구류를 추가로 요청할 수 있나요?,침구추가
숙소에서 이불을 더 받을 수 있나요?,침구추가
추가 베개를 제공받을 수 있나요?,침구추가
숙소에서 침구를 추가로 제공하나요?,침구추가
침구류 추가가 가능한지요?,침구추가
숙소에서 추가 이불 제공이 가능한가요?,침구추가
베개를 더 받을 수 있나요?,침구추가
침구류를 추가로 받을 수 있는지 알고 싶습니다.,침구추가
숙소에서 침구류를 더 제공하나요?,침구추가
침구를 추가할 수 있나요?,침구추가
숙소에서 베개를 추가로 받을 수 있나요?,침구추가
추가 침구류 제공이 가능한지요?,침구추가
이불을 추가로 받을 수 있나요?,침구추가
베개와 이불을 더 제공받을 수 있나요?,침구추가
얼리 체크인 가능한가요?,얼리 체크인
얼리 체크인이 가능한가요?,얼리 체크인
얼리 체크인이 가능한가요,얼리 체크인
일찍 체크인할 수 있나요,얼리 체크인
일찍 입실할 수 있나요?,얼리 체크인
조기 체크인이 가능한지 궁금합니다.,얼리 체크인
얼리 체크인 제공되나요?,얼리 체크인
체크인을 더 일찍 할 수 있나요?,얼리 체크인
숙소에서 조기 체크인을 허용하나요?,얼리 체크인
숙소에서 일찍 체크인할 수 있나요?,얼리 체크인
체크인을 미리 할 수 있나요?,얼리 체크인
조기 입실이 가능한지요?,얼리 체크인
숙소에서 체크인을 더 일찍 할 수 있나요?,얼리 체크인
얼리 체크인을 제공하나요?,얼리 체크인
체크인을 일찍 할 수 있는지요?,얼리 체크인
숙소에서 미리 체크인할 수 있나요?,얼리 체크인
일찍 입실 가능한지 궁금합니다.,얼리 체크인
얼리 체크인을 할 수 있나요?,얼리 체크인
체크인을 평소보다 일찍 할 수 있나요?,얼리 체크인
조기 체크인 가능 여부를 알고 싶습니다.,얼리 체크인
체크인을 더 빨리 할 수 있나요?,얼리 체크인
얼리 체크인을 요청할 수 있나요?,얼리 체크인
숙소에서 일찍 입실 가능한가요?,얼리 체크인
체크인을 미리 할 수 있는지 궁금합니다.,얼리 체크인
얼리 체크인 가능 여부를 알려주세요.,얼리 체크인
체크인을 평소보다 더 일찍 할 수 있나요?,얼리 체크인
체크인을 더 빨리 할 수 있나요?,얼리 체크인
숙소에서 더 빨리 체크인할 수 있나요?,얼리 체크인
얼리 체크인을 요청할 수 있는지요?,얼리 체크인
체크인을 평소보다 더 일찍 할 수 있나요?,얼리 체크인
조기 체크인을 제공하나요?,얼리 체크인
체크인을 일찍 할 수 있는지 확인 부탁드립니다.,얼리 체크인
체크인을 미리 진행할 수 있나요?,얼리 체크인
숙소에서 조기 체크인이 허용되나요?,얼리 체크인
일찍 체크인할 수 있는지요?,얼리 체크인
숙소에서 조기 입실이 가능한지 궁금합니다.,얼리 체크인
체크인을 더 일찍 할 수 있나요?,얼리 체크인
얼리 체크인 가능 여부를 확인해 주실 수 있나요?,얼리 체크인
숙소에서 더 빨리 체크인 가능한가요?,얼리 체크인
체크인을 평소보다 일찍 할 수 있는지 궁금합니다.,얼리 체크인
숙소에서 조기 체크인이 제공되나요?,얼리 체크인
조기 체크인을 할 수 있는지 알고 싶습니다.,얼리 체크인
얼리 체크인을 진행할 수 있나요?,얼리 체크인
숙소에서 체크인을 미리 진행할 수 있나요?,얼리 체크인
조기 입실을 요청할 수 있나요?,얼리 체크인
체크인을 더 빠르게 할 수 있나요?,얼리 체크인
얼리 체크인을 허용하나요?,얼리 체크인
체크인을 빠르게 진행할 수 있나요?,얼리 체크인
체크인을 미리 할 수 있는지 알고 싶습니다.,얼리 체크인
숙소에서 조기 체크인이 가능한가요?,얼리 체크인
가까운 지하철역이 어디인가요?,지하철
가장 가까운 지하철역이 어디에 있나요?,지하철
근처에 있는 지하철역은 어디인가요?,지하철
숙소에서 가장 가까운 지하철역을 알려주세요,지하철
숙소에서 가까운 지하철역이 궁금해요,지하철
주변 지하철역이 어디에 있나요?,지하철
가장 가까운 전철역을 알려주세요,지하철
근처 지하철역이 어디인지요?,지하철
가장 가까운 지하철역까지 어떻게 가나요?,지하철
숙소 근처에 있는 지하철역을 알고 싶습니다.,지하철
근방 지하철역이 어디인가요?,지하철
숙소에서 가까운 전철역을 알려주세요.,지하철
숙소와 가까운 지하철역은 어디인가요?,지하철
가장 가까운 지하철역을 어떻게 갈 수 있나요?,지하철
숙소 근처 지하철역 위치를 알려주실 수 있나요?,지하철
숙소에서 가장 가까운 지하철역을 안내해주세요.,지하철
근처 전철역은 어디에 있나요?,지하철
숙소 근처에 전철역이 있나요?,지하철
가장 가까운 전철역을 찾아갈 수 있나요?,지하철
숙소와 가장 가까운 지하철역이 궁금합니다,지하철
주변 지하철역 위치를 알고 싶어요,지하철
숙소 근처 지하철역까지 가는 방법을 알려주세요,지하철
숙소에서 가장 가까운 전철역까지 얼마나 걸리나요?,지하철
가장 가까운 지하철역의 위치를 알고 싶습니다,지하철
숙소에서 걸어갈 수 있는 가장 가까운 지하철역은 어디인가요?,지하철
숙소에서 가까운 지하철역까지 어떻게 갈 수 있나요?,지하철
숙소와 인접한 지하철역이 궁금해요.,지하철
근처에 있는 지하철역까지 가는 방법을 알려주세요.,지하철
숙소 주변에 위치한 지하철역을 알고 싶습니다.,지하철
숙소와 가까운 전철역까지 이동하는 방법을 알려주세요.,지하철
숙소 근처에 있는 지하철역 위치를 알려주실 수 있나요?,지하철
가장 가까운 지하철역까지 얼마나 걸리나요?,지하철
숙소에서 가까운 전철역까지 가는 경로를 알고 싶어요.,지하철
숙소와 가장 가까운 지하철역까지 걸어갈 수 있나요?,지하철
숙소 주변에 있는 전철역이 어디인가요?,지하철
근처에 위치한 지하철역까지 어떻게 이동하나요?,지하철
가까운 지하철역까지의 거리가 궁금해요,지하철
숙소에서 가장 가까운 지하철역을 찾아가는 방법을 알려주세요,지하철
숙소 근처에 위치한 지하철역까지 걸어가는 데 얼마나 걸리나요?,지하철
가장 가까운 전철역까지 가는 길을 알려주세요,지하철
숙소에서 가장 가까운 지하철역까지 대중교통으로 어떻게 이동하나요?,지하철
숙소와 가까운 지하철역까지 가는 교통편을 알려주실 수 있나요?,지하철
근처에 있는 지하철역 위치를 확인할 수 있나요?,지하철
숙소 근처에 위치한 가장 가까운 지하철역까지 가는 방법을 알려주세요,지하철
숙소와 가까운 전철역 위치가 궁금해요,지하철
가장 가까운 전철역까지 가는 데 얼마나 걸리나요?,지하철
숙소에서 가장 가까운 전철역까지 이동하는 방법이 궁금합니다,지하철
숙소 내에 조리도구가 갖춰져있나요?,조리도구
숙소에 조리도구가 비치되어 있나요?,조리도구
숙소에 조리할 수 있는 도구가 마련되어 있나요?,조리도구
주방용품을 숙소에서 제공하나요?,조리도구
조리 기구가 구비된 숙소인지 궁금합니다.,조리도구
숙소 내에서 조리도구를 사용할 수 있나요?,조리도구
주방 용품이 숙소에 마련되어 있나요?,조리도구
숙소 내 주방에 조리 기구가 비치되어 있나요?,조리도구
주방에 필요한 조리도구가 모두 갖춰져 있나요?,조리도구
숙소에서 주방용품을 사용할 수 있나요?,조리도구
조리도구가 비치된 숙소인지요?,조리도구
주방 용품이 구비된 숙소인가요?,조리도구
숙소 내에 조리 기구가 마련되어 있나요?,조리도구
숙소에서 요리할 수 있는 조리 도구가 있나요?,조리도구
조리 기구를 사용할 수 있는지요?,조리도구
숙소에 요리할 수 있는 도구가 있나요?,조리도구
주방 도구가 모두 갖춰져 있나요?,조리도구
주방용품이 구비되어 있는지 궁금합니다,조리도구
조리도구를 사용할 수 있나요?,조리도구
숙소 내에서 조리 가능한 도구가 있나요?,조리도구
주방에 필요한 도구가 준비되어 있나요?,조리도구
조리 기구가 비치되어 있나요?,조리도구
숙소에서 요리를 할 수 있는 도구가 있나요?,조리도구
주방 도구가 준비되어 있나요?,조리도구
조리도구를 제공하나요?,조리도구
조리 기구가 구비되어 있나요?,조리도구
주방용품이 숙소에 비치되어 있나요?,조리도구
숙소에서 조리도구를 사용할 수 있나요?,조리도구
방 안에 조리도구가 준비되어 있나요?,조리도구
조리도구가 구비되어 있는지요?,조리도구
숙소 내에 주방용품이 갖춰져 있나요?,조리도구
숙소에서 제공하는 주방 도구가 궁금합니다.,조리도구
숙소에서 조리할 때 사용할 수 있는 도구가 있나요?,조리도구
숙소에 주방 도구가 마련되어 있는지요?,조리도구
조리 기구를 숙소에서 사용할 수 있나요?,조리도구
숙소에서 요리할 수 있는 주방 용품이 비치되어 있나요?,조리도구
숙소 내에 주방 도구가 구비되어 있나요?,조리도구
숙소에서 요리할 수 있는 도구가 준비되어 있나요?,조리도구
주변에 맛집이 있나요?,맛집
주변에서 유명한 맛집을 알려주세요,맛집
이 근처에서 식사할 수 있는 곳을 추천받고 싶습니다,맛집
주변에서 가볼 만한 맛집이 궁금해요,맛집
이 지역에서 추천할 만한 맛집이 있나요?,맛집
근처에서 유명한 식당을 찾고 싶어요,맛집
숙소 주변에 추천할 만한 식당이 있나요?,맛집
이 근방에서 가성비 좋은 맛집이 있나요?,맛집
숙소 근처에 갈 만한 식당이 있나요?,맛집
이 지역에서 유명한 음식점이 있나요?,맛집
근처에 맛있는 음식을 파는 곳이 있나요?,맛집
숙소 주변에서 맛집을 찾을 수 있나요?,맛집
근처에서 식사할 만한 곳을 찾고 있어요,맛집
숙소 근처에서 식사할 수 있는 맛집을 추천해 주세요,맛집
주변에 인기 많은 음식점이 있나요?,맛집
근방에 맛있는 음식점이 있는지요?,맛집
이 지역에서 잘 알려진 식당이 있나요?,맛집
숙소 근처에서 먹을 만한 곳을 추천받고 싶어요.,맛집
근처에서 식사할 만한 좋은 곳이 있나요?,맛집
주변에서 가성비 좋은 맛집이 있나요?,맛집
이 근방에 맛집 추천 부탁드립니다.,맛집
근처에 맛있다고 소문난 곳이 있나요?,맛집
주변에서 가볼 만한 식당이 있나요?,맛집
근방에서 맛집을 찾고 있어요 추천해 주실 수 있나요?,맛집
근처에서 먹을 만한 곳이 있나요?,맛집
이 지역에서 인기 있는 맛집이 있나요?,맛집
숙소 주변에 맛있는 음식을 먹을 수 있는 곳이 있나요?,맛집
근처에 있는 맛집을 알려주실 수 있나요?,맛집
주변에서 유명한 맛집이 어디에 있나요?,맛집
이 지역 맛집 정보를 알고 싶습니다,맛집
숙소 근처에 추천할 만한 맛집이 있나요?,맛집
이 근처에 맛있는 음식점이 있나요?,맛집
주변에 맛집 추천 부탁드려요.,맛집
주변에서 맛있다고 소문난 식당이 있나요?,맛집
근방에 가볼 만한 맛집이 있나요?,맛집
숙소 주변에 유명한 맛집이 있나요?,맛집
이 지역에 인기 있는 음식점을 알고 싶어요.,맛집
근처 맛집 추천해주실 수 있나요?,맛집
이 근처에서 유명한 맛집을 찾을 수 있나요?,맛집
숙소 근처에 맛있는 식당이 있나요?,맛집
주변에서 갈 만한 맛집이 있나요?,맛집
이 근처에 맛집이 있는지요?,맛집
근처에서 맛있는 식당을 찾을 수 있나요?,맛집
이 지역에 맛집을 추천받을 수 있나요?,맛집
근방에 맛집이 어디 있나요?,맛집
근처에 인기 있는 맛집이 있나요?,맛집
맛있는 음식을 먹을 수 있는 곳이 있나요?,맛집
주변에 추천할 만한 맛집이 있나요?,맛집
이 근방에 유명한 식당이 있나요?,맛집
근처에 맛집이 있나요?,맛집
샴푸와 린스 구비 여부,세면도구
샴푸와 린스가 준비되어 있나요?,세면도구
샴푸와 린스가 제공되나요?,세면도구
욕실에 샴푸와 린스가 있나요?,세면도구
숙소에 샴푸와 린스가 비치되어 있나요?,세면도구
샴푸와 린스를 사용할 수 있나요?,세면도구
샴푸와 린스가 포함된 숙소인가요?,세면도구
샴푸와 린스가 비치된 숙소인가요?,세면도구
샴푸와 린스가 무료로 제공되나요?,세면도구
헤어 용품이 구비되어 있나요?,세면도구
샴푸와 컨디셔너가 제공되나요?,세면도구
샴푸와 린스가 구비된 숙소인가요?,세면도구
샴푸와 린스를 사용할 수 있는지요?,세면도구
샴푸와 린스가 욕실에 비치되어 있나요?,세면도구
샴푸와 린스가 모두 제공되나요?,세면도구
샴푸와 린스가 무료 제공인지요?,세면도구
헤어 용품이 숙소에 구비되어 있나요?,세면도구
샴푸와 린스 제공 여부를 알고 싶습니다.,세면도구
숙소에 샴푸와 린스가 기본으로 제공되나요?,세면도구
샴푸와 린스가 모두 구비된 곳인가요?,세면도구
샴푸와 린스가 기본으로 제공되나요?,세면도구
샴푸와 린스가 포함되어 있는지요?,세면도구
샴푸와 린스를 제공받을 수 있나요?,세면도구
샴푸와 린스는 따로 준비해야 하나요?,세면도구
샴푸와 린스가 숙소에 구비되어 있는지요?,세면도구
숙소에서 샴푸와 린스가 제공되나요?,세면도구
욕실에 샴푸와 린스가 갖춰져 있나요?,세면도구
샴푸와 린스를 숙소에서 제공하나요?,세면도구
샴푸와 린스를 사용할 수 있는지 알고 싶습니다.,세면도구
샴푸와 린스가 모두 준비되어 있는지요?,세면도구
숙소에 샴푸와 린스가 준비되어 있나요?,세면도구
샴푸와 린스가 구비된 숙소인지 궁금합니다.,세면도구
샴푸와 린스가 제공되는지 알고 싶습니다.,세면도구
숙소에서 샴푸와 린스가 비치되어 있나요?,세면도구
샴푸와 린스가 기본 제공인지 확인할 수 있나요?,세면도구
샴푸와 린스가 구비되어 있는지 궁금해요.,세면도구
샴푸와 린스를 제공하나요?,세면도구
샴푸와 린스가 숙소에서 제공되나요?,세면도구
샴푸와 린스는 숙소에 비치되어 있나요?,세면도구
샴푸와 린스 제공 여부가 궁금합니다.,세면도구
숙소에 샴푸와 린스가 있나요?,세면도구
샴푸와 린스가 비치된 숙소인지요?,세면도구
헤어케어 용품이 준비되어 있나요?,세면도구
샴푸와 린스가 숙소에 구비되어 있나요?,세면도구
샴푸와 린스를 구비하고 있나요?,세면도구
샴푸와 린스 제공 여부를 알고 싶습니다.,세면도구
샴푸와 린스가 구비되어 있는지 알려주세요.,세면도구
샴푸와 린스가 기본 제공인지요?,세면도구
샴푸와 린스를 사용할 수 있나요?,세면도구
숙소에서 샴푸와 린스를 제공하나요?,세면도구
샴푸와 린스가 무료 제공되나요?,세면도구
하루에 수건 제공,수건제공
하루에 수건 몇 개 제공되나요?,수건제공
수건이 하루에 몇 장 나오나요?,수건제공
수건은 하루에 몇 장 받을 수 있나요?,수건제공
수건은 하루 기준으로 몇 장 제공되나요?,수건제공
하루 동안 수건 몇 장이 제공되나요?,수건제공
1박당 수건 몇 개 받나요?,수건제공
수건은 매일 몇 장 제공되나요?,수건제공
하루에 제공되는 수건의 개수가 궁금해요.,수건제공
수건은 하루에 몇 장 나오는지요?,수건제공
하루 동안 수건 몇 개 제공해주시나요?,수건제공
수건을 하루당 몇 개 제공받나요?,수건제공
수건을 하루에 몇 장 받을 수 있나요?,수건제공
1일 기준으로 수건 몇 개 받을 수 있나요?,수건제공
수건은 매일 몇 개씩 나오는지요?,수건제공
하루에 제공되는 수건은 몇 장인가요?,수건제공
하루 기준으로 수건 몇 장 받을 수 있나요?,수건제공
수건은 1일에 몇 장씩 제공되나요?,수건제공
수건이 하루당 몇 개나 제공되나요?,수건제공
매일 수건 몇 개가 제공되는지요?,수건제공
수건은 하루에 몇 개씩 지급되나요?,수건제공
1박 기준으로 수건이 몇 장 제공되나요?,수건제공
수건이 하루에 몇 장 제공되는지 알고 싶습니다.,수건제공
하루당 수건 몇 장 제공되나요?,수건제공
수건이 매일 몇 개 제공되나요?,수건제공
수건은 하루에 몇 장씩 제공되나요?,수건제공
숙소에서 수건이 하루에 몇 장 제공되나요?,수건제공
하루에 제공되는 수건의 개수는 몇 개인가요?,수건제공
하루 기준으로 수건이 얼마나 제공되나요?,수건제공
하루에 수건을 몇 장 받을 수 있나요?,수건제공
수건은 매일 제공되나요?,수건제공
하루에 제공되는 수건의 수는 몇 장인가요?,수건제공
수건은 하루에 몇 장 지급되나요?,수건제공
수건이 하루에 몇 개 제공되는지 궁금합니다.,수건제공
수건은 하루당 몇 장씩 제공되나요?,수건제공
하루에 수건을 몇 개 받을 수 있나요?,수건제공
수건이 하루에 몇 장이나 제공되나요?,수건제공
수건이 하루 기준으로 몇 장 제공되나요?,수건제공
숙소에서 하루에 수건 몇 개를 제공하나요?,수건제공
수건이 하루에 몇 장 지급되는지요?,수건제공
수건을 하루에 몇 장씩 받을 수 있나요?,수건제공
하루당 수건 제공량은 몇 개인가요?,수건제공
하루에 수건이 몇 장씩 나오는지 알고 싶어요.,수건제공
수건은 하루에 몇 장씩 제공되는지요?,수건제공
하루에 수건 몇 장 받을 수 있는지 알려주세요.,수건제공
수건이 매일 몇 장 지급되나요?,수건제공
수건이 매일 제공되는지 궁금합니다.,수건제공
하루에 제공되는 수건의 개수는 몇 개인가요?,수건제공
수건은 하루당 몇 장 지급되나요?,수건제공
조식 제공,조식
조식이 제공되나요?,조식
아침 식사가 있나요?,조식
조식을 이용할 수 있나요?,조식
숙소에서 아침 식사를 제공하나요?,조식
조식은 포함되어 있나요?,조식
조식을 받을 수 있나요?,조식
아침 식사가 제공되나요?,조식
조식이 포함되어 있는지요?,조식
숙소에서 아침 식사를 먹을 수 있나요?,조식
아침 식사를 숙소에서 제공하나요?,조식
조식 서비스가 있나요?,조식
조식을 제공하는지 궁금해요.,조식
숙소에서 조식을 이용할 수 있나요?,조식
아침 식사를 제공하는지요?,조식
조식을 먹을 수 있나요?,조식
조식은 따로 제공되나요?,조식
숙소에서 조식이 포함되나요?,조식
조식이 무료로 제공되나요?,조식
조식 제공 여부가 궁금합니다.,조식
숙소에서 제공하는 조식이 있나요?,조식
아침 식사는 포함되나요?,조식
조식을 숙소에서 제공하나요?,조식
조식 포함 여부를 알고 싶어요.,조식
조식을 받을 수 있는지요?,조식
아침 식사가 무료로 제공되나요?,조식
조식은 숙박 요금에 포함되어 있나요?,조식
조식을 제공하나요?,조식
아침 식사는 별도로 제공되나요?,조식
숙소에서 조식이 나오나요?,조식
아침 식사를 추가로 받을 수 있나요?,조식
조식을 먹을 수 있는지 궁금해요.,조식
숙소에서 아침 식사를 먹을 수 있나요?,조식
조식은 어떻게 제공되나요?,조식
조식을 신청할 수 있나요?,조식
아침 식사 시간은 언제인가요?,조식
조식은 추가 비용이 있나요?,조식
조식 포함 여부를 확인하고 싶어요.,조식
조식 제공 시간이 궁금해요.,조식
조식은 뷔페 형식인가요?,조식
조식은 따로 예약해야 하나요?,조식
조식이 숙소에서 제공되는지 알고 싶습니다.,조식
조식 제공 여부가 궁금합니다.,조식
조식은 어디서 먹을 수 있나요?,조식
조식은 객실로 배달되나요?,조식
조식을 무료로 받을 수 있나요?,조식
아침 식사를 숙소에서 준비해 주나요?,조식
조식 메뉴가 궁금합니다.,조식
조식은 어떤 형식으로 제공되나요?,조식
조식은 자동으로 포함되나요?,조식
숙소에서 조식을 제공하나요?,조식
주차 가능,주차
주차가 가능한가요?,주차
차를 주차할 수 있나요?,주차
숙소에 주차 공간이 있나요?,주차
주차장을 이용할 수 있나요?,주차
숙소에 주차할 수 있나요?,주차
주차 시설이 제공되나요?,주차
차를 주차할 공간이 있나요?,주차
주차가 가능한 숙소인가요?,주차
주차장이 있는지 궁금해요.,주차
주차할 공간을 제공하나요?,주차
주차 시설이 있나요?,주차
차를 어디에 주차할 수 있나요?,주차
숙소에 주차장이 있나요?,주차
주차 공간이 있나요?,주차
주차 가능한 곳이 있나요?,주차
주차 서비스를 제공하나요?,주차
숙소에서 주차가 가능한지요?,주차
차를 주차할 수 있는 공간이 있나요?,주차
주차 가능 여부를 알고 싶어요.,주차
주차장은 어디에 있나요?,주차
주차할 수 있는 시설이 있나요?,주차
차를 안전하게 주차할 곳이 있나요?,주차
주차가 무료로 제공되나요?,주차
숙소에서 주차장을 이용할 수 있나요?,주차
주차 공간을 예약할 수 있나요?,주차
차를 주차할 수 있는 주차장이 있나요?,주차
숙소에 주차 공간이 제공되나요?,주차
주차를 할 수 있는지 알고 싶어요.,주차
주차장이 있는지 확인하고 싶습니다.,주차
주차 시설 이용이 가능한가요?,주차
주차를 무료로 할 수 있나요?,주차
차를 주차할 수 있는 곳이 있나요?,주차
주차장이 있는지 궁금합니다.,주차
주차 공간을 사용할 수 있나요?,주차
차를 어디에 주차할 수 있는지요?,주차
주차가 허용되나요?,주차
주차가 숙소에서 가능한가요?,주차
주차할 수 있는지 알려주세요.,주차
주차장이 준비되어 있나요?,주차
차를 주차할 공간을 제공하나요?,주차
숙소에서 주차가 가능한지 알고 싶습니다.,주차
주차 공간을 제공하나요?,주차
주차할 곳이 마련되어 있나요?,주차
차를 주차할 수 있는 공간이 있나요?,주차
주차는 어디에서 할 수 있나요?,주차
주차 공간을 사용할 수 있는지요?,주차
숙소에서 주차할 수 있나요?,주차
차를 주차할 장소가 있나요?,주차
주차 공간을 예약할 수 있는지요?,주차
주차장을 숙소에서 제공하나요?,주차
실내 취식 가능,실내취식
실내에서 식사가 가능한가요?,실내취식
방 안에서 음식을 먹을 수 있나요?,실내취식
실내 취식이 허용되나요?,실내취식
실내에서 음식을 먹어도 되나요?,실내취식
숙소에서 실내에서 식사할 수 있나요?,실내취식
방에서 음식을 섭취할 수 있나요?,실내취식
실내에서 취식할 수 있나요?,실내취식
숙소에서 실내에서 음식을 먹을 수 있나요?,실내취식
실내에서 음식 섭취가 가능한가요?,실내취식
방 안에서 식사를 할 수 있나요?,실내취식
실내에서 취식이 가능한지 궁금해요.,실내취식
숙소에서 실내 취식이 허용되나요?,실내취식
실내에서 음식을 먹을 수 있나요?,실내취식
실내 취식 가능 여부가 궁금해요.,실내취식
방에서 음식을 먹는 것이 가능한가요?,실내취식
실내에서 식사해도 되나요?,실내취식
실내에서 음식 섭취가 허용되나요?,실내취식
숙소 안에서 음식을 먹을 수 있나요?,실내취식
실내 취식 가능 여부를 알고 싶어요.,실내취식
방 안에서 취식이 허용되나요?,실내취식
숙소 내에서 실내 취식이 가능한지요?,실내취식
방에서 음식을 먹어도 되나요?,실내취식
숙소에서 실내에서 취식할 수 있나요?,실내취식
실내에서 식사를 할 수 있나요?,실내취식
실내에서 음식 섭취가 가능한지요?,실내취식
방에서 취식이 가능한지요?,실내취식
실내에서 음식을 섭취할 수 있나요?,실내취식
숙소 내에서 식사가 가능한가요?,실내취식
방 안에서 음식을 먹어도 되는지 궁금해요.,실내취식
실내 취식이 가능한지 알고 싶어요.,실내취식
방에서 음식을 섭취해도 되나요?,실내취식
숙소에서 방 안에서 음식을 먹을 수 있나요?,실내취식
실내에서 음식을 섭취할 수 있는지요?,실내취식
실내에서 식사를 할 수 있는지 알고 싶습니다.,실내취식
방에서 음식을 먹을 수 있는지요?,실내취식
숙소 안에서 취식이 가능한가요?,실내취식
실내에서 취식을 할 수 있는지요?,실내취식
실내에서 음식 먹는 것이 허용되나요?,실내취식
방에서 취식을 할 수 있나요?,실내취식
실내에서 식사하는 것이 가능한가요?,실내취식
숙소 내에서 실내 취식을 할 수 있나요?,실내취식
실내에서 음식을 섭취할 수 있는지 궁금합니다.,실내취식
방 안에서 음식을 섭취할 수 있는지요?,실내취식
실내에서 음식 먹기가 가능한가요?,실내취식
실내에서 식사할 수 있는지 궁금해요.,실내취식
방에서 음식을 먹는 것이 허용되나요?,실내취식
실내에서 취식을 할 수 있나요?,실내취식
숙소에서 실내에서 음식을 섭취할 수 있나요?,실내취식
방에서 음식을 섭취하는 것이 허용되나요?,실내취식
실내에서 음식을 먹을 수 있는지 궁금해요.,실내취식
주변 관광지 추천,관광지 추천
주변에 가볼 만한 관광지를 추천해 주세요.,관광지 추천
근처에 있는 관광지를 알려주세요.,관광지 추천
숙소 주변에 관광지 추천 부탁드립니다.,관광지 추천
이 근방에 가볼 만한 곳이 있나요?,관광지 추천
주변 명소를 추천해 주실 수 있나요?,관광지 추천
근처에 관광 명소가 어디에 있나요?,관광지 추천
숙소 주변 관광지를 알려주실 수 있나요?,관광지 추천
이 지역에 가볼 만한 관광지가 있나요?,관광지 추천
근방에 유명한 관광지가 있나요?,관광지 추천
주변 관광 명소를 추천해 주세요.,관광지 추천
가까운 관광지를 추천해 주실 수 있나요?,관광지 추천
근처에서 방문할 만한 곳을 알려주세요.,관광지 추천
숙소 근처에서 가볼 만한 관광지는 어디인가요?,관광지 추천
주변 명소를 추천해 주세요.,관광지 추천
이 지역에 유명한 관광지를 알고 싶습니다.,관광지 추천
숙소 주변에 가볼 만한 관광 명소가 있나요?,관광지 추천
이 근방에서 갈 만한 관광지가 있나요?,관광지 추천
주변에서 방문할 만한 관광지를 추천해 주세요.,관광지 추천
근처 관광지를 추천해 주실 수 있나요?,관광지 추천
숙소 근처 명소를 알고 싶어요.,관광지 추천
숙소 주변 관광 명소를 알려주세요.,관광지 추천
이 근방의 관광지를 추천받고 싶습니다.,관광지 추천
숙소 근처에서 가볼 만한 곳이 있나요?,관광지 추천
근처에서 관광할 만한 곳을 추천해 주세요.,관광지 추천
주변에서 방문할 수 있는 관광지를 알려주세요.,관광지 추천
이 근방의 명소를 추천해 주실 수 있나요?,관광지 추천
근처 관광 명소를 추천해 주세요.,관광지 추천
숙소 근처에서 갈 만한 관광지를 알려주세요.,관광지 추천
주변 관광지 정보를 알고 싶습니다.,관광지 추천
이 지역에서 유명한 관광지를 추천해 주세요.,관광지 추천
숙소 주변의 명소를 추천해 주실 수 있나요?,관광지 추천
근처에 가볼 만한 관광 명소가 있나요?,관광지 추천
숙소 근방에 있는 관광지를 알고 싶어요.,관광지 추천
주변에 관광 명소를 추천해 주세요.,관광지 추천
숙소 근처에서 방문할 만한 관광지는 어디인가요?,관광지 추천
이 지역에서 유명한 명소를 추천해 주세요.,관광지 추천
근처에서 가볼 만한 관광지를 알고 싶어요.,관광지 추천
숙소 근처 관광지 정보를 추천해 주실 수 있나요?,관광지 추천
주변 관광지를 추천받고 싶습니다.,관광지 추천
숙소에서 가까운 관광지를 알려주세요.,관광지 추천
이 근처에서 방문할 수 있는 명소가 있나요?,관광지 추천
근처에 관광할 만한 명소가 있나요?,관광지 추천
이 지역의 관광 명소를 추천해 주세요.,관광지 추천
숙소 근처 관광 명소를 추천받고 싶어요.,관광지 추천
근처에서 유명한 관광지를 추천해 주세요.,관광지 추천
주변에서 방문할 만한 명소가 있나요?,관광지 추천
숙소 주변에서 갈 만한 관광 명소를 알려주세요.,관광지 추천
이 지역에서 가볼 만한 관광지를 추천해 주실 수 있나요?,관광지 추천
근처에서 관광할 수 있는 명소를 추천해 주세요.,관광지 추천
주변 명소 정보를 추천받고 싶습니다.,관광지 추천
짐 보관 질문,짐 보관
체크인 전이나 체크아웃 후에 짐을 보관할 수 있나요?,짐 보관
체크인 전이나 체크아웃 후에 짐을 맡길 수 있는 곳이 있나요?,짐 보관
짐을 체크인 전에 보관할 수 있나요?,짐 보관
체크아웃 후에 짐을 맡길 수 있나요?,짐 보관
체크인 전에 짐을 맡겨둘 수 있나요?,짐 보관
체크아웃 후 짐을 보관할 수 있나요?,짐 보관
체크인 전이나 체크아웃 후에 짐 보관 서비스를 이용할 수 있나요?,짐 보관
체크인 전에 짐을 맡길 수 있는지요?,짐 보관
체크아웃 후에 짐을 맡겨둘 수 있나요?,짐 보관
짐을 체크인 전이나 체크아웃 후에 보관해 주시나요?,짐 보관
체크인 전에 짐을 보관할 수 있는지요?,짐 보관
체크아웃 후에 짐을 맡길 수 있는지 궁금합니다.,짐 보관
체크인 전이나 체크아웃 후에 짐을 보관할 수 있는 곳이 있나요?,짐 보관
체크인 전후에 짐을 보관할 수 있나요?,짐 보관
체크아웃 후에 짐을 보관해 줄 수 있나요?,짐 보관
짐을 체크인 전에 맡길 수 있나요?,짐 보관
체크아웃 후에도 짐을 맡길 수 있나요?,짐 보관
체크인 전에 짐 보관이 가능한가요?,짐 보관
체크아웃 후에도 짐을 보관할 수 있나요?,짐 보관
체크인 전후에 짐을 맡길 수 있나요?,짐 보관
체크아웃 후에 짐을 맡길 수 있는지요?,짐 보관
짐을 체크인 전이나 체크아웃 후에도 맡길 수 있나요?,짐 보관
체크인 전에 짐을 보관할 수 있는 곳이 있나요?,짐 보관
체크아웃 후 짐 보관 서비스가 제공되나요?,짐 보관
체크인 전후에 짐을 맡길 수 있는지 궁금해요.,짐 보관
체크아웃 후 짐을 보관할 수 있는지 알고 싶어요.,짐 보관
체크인 전 짐 보관이 가능한가요?,짐 보관
체크아웃 후에도 짐을 맡아주나요?,짐 보관
체크인 전이나 체크아웃 후에 짐을 맡길 공간이 있나요?,짐 보관
짐을 체크인 전이나 체크아웃 후에 보관할 수 있나요?,짐 보관
체크아웃 후에 짐을 맡겨둘 수 있는지요?,짐 보관
체크인 전에 짐을 맡아줄 수 있나요?,짐 보관
체크아웃 후 짐 보관이 가능한가요?,짐 보관
체크인 전후로 짐을 맡길 수 있나요?,짐 보관
체크인 전에 짐을 맡길 수 있는 공간이 있나요?,짐 보관
체크아웃 후 짐을 맡겨둘 수 있나요?,짐 보관
체크인 전이나 체크아웃 후 짐을 보관할 수 있는지 궁금해요.,짐 보관
체크아웃 후에 짐을 맡길 수 있나요?,짐 보관
체크인 전이나 체크아웃 후에 짐을 맡아주나요?,짐 보관
짐을 체크인 전에 보관해 줄 수 있나요?,짐 보관
체크아웃 후에 짐을 보관할 수 있는지요?,짐 보관
체크인 전에 짐을 맡겨둘 수 있나요?,짐 보관
체크아웃 후에 짐을 맡아줄 수 있나요?,짐 보관
체크인 전이나 체크아웃 후에 짐을 보관해 주나요?,짐 보관
체크아웃 후에 짐을 맡길 수 있는 서비스가 있나요?,짐 보관
체크인 전이나 체크아웃 후에 짐을 맡아줄 수 있는지요?,짐 보관
짐을 체크인 전에 보관할 수 있나요?,짐 보관
체크아웃 후에 짐을 맡길 수 있는지 알려주세요.,짐 보관
체크인 전이나 체크아웃 후 짐 보관이 가능한가요?,짐 보관
체크아웃 후에 짐을 보관해 줄 수 있나요?,짐 보관
청소 서비스 질문,청소
장기 숙박 시 청소 서비스를 제공하나요?,청소
2박 이상 머무르면 청소해 주나요?,청소
장기 투숙 시 청소가 포함되나요?,청소
2박 이상 숙박할 경우 청소해 주나요?,청소
2박 이상 머물 때 청소 서비스가 제공되나요?,청소
장기 숙박 중 청소를 해주나요?,청소
숙소에서 2박 이상 숙박 시 청소가 포함되나요?,청소
장기 투숙 시 청소 서비스가 제공되나요?,청소
2박 이상 묵으면 청소가 제공되나요?,청소
장기 숙박 시 청소를 받을 수 있나요?,청소
2박 이상 있을 때 청소를 해 주나요?,청소
장기 숙박 시 청소를 해주나요?,청소
2박 이상 머물면 청소 서비스를 받나요?,청소
장기 숙박 중 청소가 포함되나요?,청소
숙박 기간이 길어지면 청소를 제공하나요?,청소
2박 이상 숙박할 때 청소를 제공하나요?,청소
장기 투숙할 경우 청소 서비스를 받을 수 있나요?,청소
2박 이상 머물 때 청소를 받을 수 있나요?,청소
장기 숙박 시 청소를 제공하나요?,청소
2박 이상 숙박 시 청소 서비스가 있나요?,청소
2박 이상 숙박하면 청소해주나요?,청소
장기 숙박 중 청소 서비스가 제공되나요?,청소
장기 숙박 시 청소가 포함되는지 궁금합니다.,청소
2박 이상 머물 경우 청소 서비스를 받을 수 있나요?,청소
2박 이상 투숙할 때 청소 서비스가 있나요?,청소
장기 숙박하면 청소를 해 주나요?,청소
2박 이상 있을 때 청소 서비스를 제공하나요?,청소
장기 투숙 시 청소를 받을 수 있나요?,청소
2박 이상 머물면 청소가 제공되나요?,청소
장기 숙박 시 청소 서비스가 포함되나요?,청소
2박 이상 숙박할 경우 청소를 해 주나요?,청소
장기 숙박 중 청소를 받을 수 있나요?,청소
2박 이상 숙박하면 청소 서비스를 제공하나요?,청소
장기 숙박 시 청소가 포함되나요?,청소
2박 이상 머물면 청소 서비스를 받을 수 있나요?,청소
장기 투숙 시 청소해 주나요?,청소
2박 이상 있을 때 청소가 제공되나요?,청소
장기 숙박 시 청소가 제공되는지 궁금해요.,청소
2박 이상 머물 경우 청소가 포함되나요?,청소
장기 숙박할 때 청소 서비스를 제공하나요?,청소
2박 이상 숙박 시 청소를 받을 수 있나요?,청소
장기 숙박하면 청소가 제공되나요?,청소
2박 이상 머물 때 청소가 포함되나요?,청소
장기 숙박 중 청소 서비스가 제공되나요?,청소
2박 이상 숙박 시 청소를 받을 수 있는지요?,청소
2박 이상 투숙 시 청소해 주나요?,청소
장기 숙박 시 청소 서비스를 받을 수 있나요?,청소
2박 이상 머물 경우 청소를 받을 수 있나요?,청소
장기 숙박 시 청소가 포함되는지 알고 싶습니다.,청소
칫솔이 몇 개 제공되나요?,칫솔
숙소에서 칫솔 몇 개 주나요?,칫솔
칫솔은 몇 개 받을 수 있나요?,칫솔
칫솔 제공 개수가 어떻게 되나요?,칫솔
칫솔은 몇 개 제공되나요?,칫솔
하루에 칫솔 몇 개 제공하나요?,칫솔
숙소에서 칫솔을 몇 개 제공하나요?,칫솔
칫솔을 몇 개 받을 수 있나요?,칫솔
칫솔은 기본적으로 몇 개 제공되나요?,칫솔
칫솔 몇 개 받을 수 있나요?,칫솔
숙소에 제공되는 칫솔 개수는 몇 개인가요?,칫솔
칫솔은 하루에 몇 개씩 제공되나요?,칫솔
숙소에서 칫솔을 몇 개씩 제공하나요?,칫솔
칫솔은 몇 개 비치되어 있나요?,칫솔
칫솔이 기본으로 몇 개 제공되나요?,칫솔
칫솔을 몇 개 받을 수 있는지요?,칫솔
숙소에서 제공되는 칫솔의 개수가 궁금합니다.,칫솔
칫솔이 몇 개 준비되어 있나요?,칫솔
칫솔 제공 개수를 알고 싶어요.,칫솔
칫솔은 몇 개 지급되나요?,칫솔
숙소에서 하루에 칫솔 몇 개 제공하나요?,칫솔
칫솔은 기본적으로 몇 개씩 제공되나요?,칫솔
칫솔 몇 개를 받을 수 있나요?,칫솔
숙소에서 칫솔이 몇 개 준비되어 있나요?,칫솔
칫솔은 몇 개로 제공되나요?,칫솔
숙소에서 제공하는 칫솔 개수를 알고 싶어요.,칫솔
칫솔 몇 개 제공 가능한가요?,칫솔
숙소에 칫솔이 몇 개나 비치되어 있나요?,칫솔
숙소에서 칫솔을 몇 개 지급하나요?,칫솔
칫솔이 몇 개 제공되는지 알고 싶습니다.,칫솔
칫솔은 기본적으로 몇 개 제공되나요?,칫솔
하루에 제공되는 칫솔 개수는 어떻게 되나요?,칫솔
숙소에서 제공하는 칫솔의 개수가 궁금해요.,칫솔
칫솔을 몇 개씩 제공하나요?,칫솔
칫솔은 몇 개씩 받을 수 있나요?,칫솔
칫솔이 몇 개 준비되어 있는지요?,칫솔
숙소에서 칫솔이 몇 개 제공되나요?,칫솔
칫솔이 몇 개 제공되는지 궁금합니다.,칫솔
숙소에서 제공되는 칫솔은 몇 개인가요?,칫솔
하루에 칫솔 몇 개 받을 수 있나요?,칫솔
숙소에서 칫솔은 몇 개씩 지급되나요?,칫솔
칫솔 제공이 몇 개나 가능한가요?,칫솔
숙소에서 칫솔을 몇 개 준비해주나요?,칫솔
칫솔 몇 개가 제공되는지요?,칫솔
숙소에서 칫솔 제공 개수가 궁금해요.,칫솔
칫솔은 하루에 몇 개 제공되나요?,칫솔
숙소에서 칫솔을 몇 개 받을 수 있나요?,칫솔
칫솔은 몇 개씩 제공되는지요?,칫솔
숙소에서 제공하는 칫솔이 몇 개나 되는지요?,칫솔
숙소에서 OTT 서비스를 이용할 수 있나요?,OTT
OTT가 제공되나요?,OTT
이 숙소에 OTT 서비스가 있나요?,OTT
방에서 OTT를 사용할 수 있나요?,OTT
숙소에 OTT 서비스가 포함되어 있나요?,OTT
OTT 서비스가 제공되나요?,OTT
이 숙소에서 OTT를 시청할 수 있나요?,OTT
OTT 플랫폼을 이용할 수 있나요?,OTT
OTT 서비스를 사용할 수 있나요?,OTT
숙소에 OTT가 설치되어 있나요?,OTT
OTT가 제공되는지 궁금합니다.,OTT
숙소에서 OTT 서비스를 시청할 수 있나요?,OTT
방 안에서 OTT를 이용할 수 있나요?,OTT
이 숙소는 OTT 서비스를 제공하나요?,OTT
OTT 플랫폼이 있나요?,OTT
OTT를 사용할 수 있는지 알고 싶습니다.,OTT
숙소에 OTT가 있나요?,OTT
OTT 서비스는 제공되나요?,OTT
방에서 OTT를 시청할 수 있나요?,OTT
OTT 서비스가 포함되어 있나요?,OTT
이 숙소에서 OTT를 사용할 수 있나요?,OTT
OTT 플랫폼이 제공되나요?,OTT
OTT를 이용할 수 있나요?,OTT
숙소에서 OTT를 제공하나요?,OTT
이 숙소에 OTT 플랫폼이 있나요?,OTT
OTT가 제공되는지요?,OTT
숙소에서 OTT를 사용할 수 있나요?,OTT
방에서 OTT 서비스가 제공되나요?,OTT
이 숙소는 OTT를 지원하나요?,OTT
OTT 서비스를 이용할 수 있나요?,OTT
OTT 플랫폼을 제공하나요?,OTT
숙소에 OTT 서비스가 있나요?,OTT
OTT를 사용할 수 있나요?,OTT
이 숙소는 OTT 서비스를 제공하나요?,OTT
OTT 서비스를 사용할 수 있는지 궁금합니다.,OTT
OTT 플랫폼을 숙소에서 이용할 수 있나요?,OTT
숙소에서 OTT를 지원하나요?,OTT
OTT 서비스가 포함되어 있는지 궁금합니다.,OTT
숙소에서 OTT를 사용할 수 있는지요?,OTT
방 안에서 OTT를 시청할 수 있는지 궁금합니다.,OTT
OTT가 설치되어 있나요?,OTT
이 숙소에서 OTT 플랫폼을 사용할 수 있나요?,OTT
숙소에서 제공하는 OTT 서비스가 있나요?,OTT
OTT 플랫폼을 사용할 수 있나요?,OTT
OTT를 제공하나요?,OTT
이 숙소에 OTT가 제공되나요?,OTT
숙소에서 OTT 서비스를 사용할 수 있나요?,OTT
OTT 서비스를 시청할 수 있나요?,OTT
OTT가 숙소에서 제공되나요?,OTT
OTT를 사용할 수 있는지 알고 싶어요.,OTT
숙소에서 넷플릭스 서비스를 이용할 수 있나요?,OTT
넷플릭스가 제공되나요?,OTT
이 숙소에 넷플릭스 서비스가 있나요?,OTT
방에서 넷플릭스를 사용할 수 있나요?,OTT
숙소에 넷플릭스 서비스가 포함되어 있나요?,OTT
넷플릭스 서비스가 제공되나요?,OTT
이 숙소에서 넷플릭스를 시청할 수 있나요?,OTT
넷플릭스 플랫폼을 이용할 수 있나요?,OTT
넷플릭스 서비스를 사용할 수 있나요?,OTT
숙소에 넷플릭스가 설치되어 있나요?,OTT
넷플릭스가 제공되는지 궁금합니다.,OTT
숙소에서 넷플릭스 서비스를 시청할 수 있나요?,OTT
방 안에서 넷플릭스를 이용할 수 있나요?,OTT
이 숙소는 넷플릭스 서비스를 제공하나요?,OTT
넷플릭스 플랫폼이 있나요?,OTT
넷플릭스를 사용할 수 있는지 알고 싶습니다.,OTT
숙소에 넷플릭스가 있나요?,OTT
넷플릭스 서비스는 제공되나요?,OTT
방에서 넷플릭스를 시청할 수 있나요?,OTT
넷플릭스 서비스가 포함되어 있나요?,OTT
이 숙소에서 넷플릭스를 사용할 수 있나요?,OTT
넷플릭스 플랫폼이 제공되나요?,OTT
넷플릭스를 이용할 수 있나요?,OTT
숙소에서 넷플릭스를 제공하나요?,OTT
이 숙소에 넷플릭스 플랫폼이 있나요?,OTT
넷플릭스가 제공되는지요?,OTT
숙소에서 넷플릭스를 사용할 수 있나요?,OTT
방에서 넷플릭스 서비스가 제공되나요?,OTT
이 숙소는 넷플릭스를 지원하나요?,OTT
넷플릭스 서비스를 이용할 수 있나요?,OTT
넷플릭스 플랫폼을 제공하나요?,OTT
숙소에 넷플릭스 서비스가 있나요?,OTT
넷플릭스를 사용할 수 있나요?,OTT
이 숙소는 넷플릭스 서비스를 제공하나요?,OTT
넷플릭스 서비스를 사용할 수 있는지 궁금합니다.,OTT
넷플릭스 플랫폼을 숙소에서 이용할 수 있나요?,OTT
숙소에서 넷플릭스를 지원하나요?,OTT
넷플릭스 서비스가 포함되어 있는지 궁금합니다.,OTT
숙소에서 넷플릭스를 사용할 수 있는지요?,OTT
방 안에서 넷플릭스를 시청할 수 있는지 궁금합니다.,OTT
넷플릭스가 설치되어 있나요?,OTT
이 숙소에서 넷플릭스 플랫폼을 사용할 수 있나요?,OTT
숙소에서 제공하는 넷플릭스 서비스가 있나요?,OTT
넷플릭스 플랫폼을 사용할 수 있나요?,OTT
넷플릭스를 제공하나요?,OTT
이 숙소에 넷플릭스가 제공되나요?,OTT
숙소에서 넷플릭스 서비스를 사용할 수 있나요?,OTT
넷플릭스 서비스를 시청할 수 있나요?,OTT
넷플릭스가 숙소에서 제공되나요?,OTT
넷플릭스를 사용할 수 있는지 알고 싶어요.,OTT
숙소에서 티빙 서비스를 이용할 수 있나요?,OTT
티빙이 제공되나요?,OTT
이 숙소에 티빙 서비스가 있나요?,OTT
방에서 티빙을 사용할 수 있나요?,OTT
숙소에 티빙 서비스가 포함되어 있나요?,OTT
티빙 서비스가 제공되나요?,OTT
이 숙소에서 티빙을 시청할 수 있나요?,OTT
티빙 플랫폼을 이용할 수 있나요?,OTT
티빙 서비스를 사용할 수 있나요?,OTT
숙소에 티빙이 설치되어 있나요?,OTT
티빙이 제공되는지 궁금합니다.,OTT
숙소에서 티빙 서비스를 시청할 수 있나요?,OTT
방 안에서 티빙을 이용할 수 있나요?,OTT
이 숙소는 티빙 서비스를 제공하나요?,OTT
티빙 플랫폼이 있나요?,OTT
티빙을 사용할 수 있는지 알고 싶습니다.,OTT
숙소에 티빙이 있나요?,OTT
티빙 서비스는 제공되나요?,OTT
방에서 티빙을 시청할 수 있나요?,OTT
티빙 서비스가 포함되어 있나요?,OTT
이 숙소에서 티빙을 사용할 수 있나요?,OTT
티빙 플랫폼이 제공되나요?,OTT
티빙을 이용할 수 있나요?,OTT
숙소에서 티빙을 제공하나요?,OTT
이 숙소에 티빙 플랫폼이 있나요?,OTT
티빙이 제공되는지요?,OTT
숙소에서 티빙을 사용할 수 있나요?,OTT
방에서 티빙 서비스가 제공되나요?,OTT
이 숙소는 티빙을 지원하나요?,OTT
티빙 서비스를 이용할 수 있나요?,OTT
티빙 플랫폼을 제공하나요?,OTT
숙소에 티빙 서비스가 있나요?,OTT
티빙을 사용할 수 있나요?,OTT
이 숙소는 티빙 서비스를 제공하나요?,OTT
티빙 서비스를 사용할 수 있는지 궁금합니다.,OTT
티빙 플랫폼을 숙소에서 이용할 수 있나요?,OTT
숙소에서 티빙을 지원하나요?,OTT
티빙 서비스가 포함되어 있는지 궁금합니다.,OTT
숙소에서 티빙을 사용할 수 있는지요?,OTT
방 안에서 티빙을 시청할 수 있는지 궁금합니다.,OTT
티빙이 설치되어 있나요?,OTT
이 숙소에서 티빙 플랫폼을 사용할 수 있나요?,OTT
숙소에서 제공하는 티빙 서비스가 있나요?,OTT
티빙 플랫폼을 사용할 수 있나요?,OTT
티빙을 제공하나요?,OTT
이 숙소에 티빙이 제공되나요?,OTT
숙소에서 티빙 서비스를 사용할 수 있나요?,OTT
티빙 서비스를 시청할 수 있나요?,OTT
티빙이 숙소에서 제공되나요?,OTT
티빙을 사용할 수 있는지 알고 싶어요.,OTT
소음이 있나요?,소음
이 숙소는 조용한 편인가요?,소음
숙소에서 소음이 들리나요?,소음
방 안에서 소음이 있는지요?,소음
이 숙소는 소음이 심한가요?,소음
소음이 어느 정도인가요?,소음
숙소 주변이 시끄러운 편인가요?,소음
이 방은 소음이 있나요?,소음
숙소가 조용한지 궁금해요.,소음
주변 소음이 많은가요?,소음
숙소에서 소음이 나는 편인가요?,소음
이곳은 소음이 심한가요?,소음
숙소가 조용한지 알고 싶어요.,소음
소음이 많이 들리나요?,소음
방 안이 시끄러운지요?,소음
이 숙소는 소음이 있는지요?,소음
소음이 심한 곳인가요?,소음
숙소 주변이 조용한지요?,소음
방에서 소음이 느껴지나요?,소음
숙소에서 소음이 발생하나요?,소음
주변 환경이 시끄러운가요?,소음
이 숙소는 소음이 나는 편인가요?,소음
소음이 얼마나 있나요?,소음
숙소가 조용한가요?,소음
소음이 많은 편인가요?,소음
방 안에서 소음이 느껴지는지요?,소음
숙소는 조용한지 궁금해요.,소음
소음이 없는 편인가요?,소음
숙소 주변에 소음이 많은가요?,소음
이 숙소는 시끄러운가요?,소음
소음이 있는지 궁금해요.,소음
방에서 소음이 나는지요?,소음
숙소는 소음이 심한가요?,소음
소음이 심한지 알고 싶어요.,소음
이 숙소는 조용한지요?,소음
주변 소음이 있는지요?,소음
방 안에서 소음이 들리나요?,소음
숙소 주변이 시끄러운지요?,소음
이 숙소는 소음이 심한지요?,소음
소음이 얼마나 느껴지나요?,소음
숙소는 조용한 곳인가요?,소음
소음이 느껴지나요?,소음
방에서 소음이 들리나요?,소음
이 숙소는 소음이 있는지 궁금합니다.,소음
숙소 주변은 조용한가요?,소음
소음이 큰 편인가요?,소음
숙소에서 소음이 있는지요?,소음
방 안이 소음이 많은지요?,소음
숙소에서 소음이 얼마나 들리나요?,소음
소음이 있는지 알고 싶습니다.,소음
바다까지 몇 분 걸리나요?,바다
숙소에서 바다까지 거리가 얼마나 되나요?,바다
바다까지 걸리는 시간이 궁금해요.,바다
숙소에서 바다까지 몇 분 거리인가요?,바다
바다까지 걸어서 몇 분 걸리나요?,바다
바다까지 얼마나 걸리나요?,바다
바다까지 가는 데 시간이 얼마나 걸리나요?,바다
바다까지 거리가 얼마나 되나요?,바다
바다와 숙소 사이의 거리는 얼마나 되나요?,바다
바다까지 몇 분이 소요되나요?,바다
숙소에서 바다까지 가는 데 얼마나 걸리나요?,바다
바다까지 도보로 몇 분 거리인가요?,바다
숙소에서 바다까지 얼마나 시간이 걸리나요?,바다
바다까지 가는 데 몇 분이 걸리나요?,바다
바다까지 소요 시간이 어떻게 되나요?,바다
숙소에서 바다까지 걸리는 시간은 얼마나 되나요?,바다
바다까지 도보로 얼마나 걸리나요?,바다
바다와 숙소 간의 거리는 몇 분인가요?,바다
숙소에서 바다까지 도보로 몇 분 걸리나요?,바다
바다까지 이동하는 데 몇 분 걸리나요?,바다
바다까지 얼마나 시간이 소요되나요?,바다
숙소와 바다 사이의 거리는 몇 분인가요?,바다
바다까지 걷는 데 시간이 얼마나 걸리나요?,바다
바다까지 이동하는 데 소요 시간은 얼마나 되나요?,바다
바다까지 가는 데 걸리는 시간은 몇 분인가요?,바다
숙소에서 바다까지 몇 분 정도 걸리나요?,바다
바다까지 걷는 데 몇 분 소요되나요?,바다
바다까지 이동 시간이 궁금해요.,바다
바다까지 가는 데 걸리는 시간이 궁금해요.,바다
바다까지 도보로 얼마나 시간이 걸리나요?,바다
바다와 숙소의 거리는 몇 분 정도인가요?,바다
바다까지 몇 분 소요되나요?,바다
숙소에서 바다까지 이동 시간이 얼마나 되나요?,바다
바다까지 얼마나 소요되나요?,바다
바다까지 걸리는 시간이 몇 분인가요?,바다
숙소에서 바다까지 걸어가면 몇 분 걸리나요?,바다
바다까지 도보로 몇 분 정도 걸리나요?,바다
숙소에서 바다까지 가는 데 시간이 얼마나 걸리나요?,바다
바다까지 도보로 얼마나 걸리는지요?,바다
숙소에서 바다까지 몇 분이 걸리나요?,바다
바다와 숙소 간의 거리가 몇 분 정도인가요?,바다
바다까지 가는 시간이 궁금해요.,바다
숙소에서 바다까지 이동 시간은 몇 분인가요?,바다
바다까지 도보로 이동 시간이 얼마나 되나요?,바다
바다까지 걸어서 몇 분 정도 걸리나요?,바다
숙소에서 바다까지 거리는 얼마나 되나요?,바다
바다까지 가는 데 시간이 얼마나 소요되나요?,바다
바다까지 몇 분 거리인지 알고 싶습니다.,바다
숙소에서 바다까지 소요 시간이 궁금합니다.,바다
밤에 골목이 많이 어둡나요?,치안
골목이 저녁에 어두운가요?,치안
밤에 골목길이 밝은 편인가요?,치안
숙소 주변 골목이 밤에 어둡나요?,치안
야간에 골목이 어두운 편인가요?,치안
밤에 골목길이 얼마나 어두운가요?,치안
숙소 근처 골목이 밤에 어두운지 궁금해요.,치안
야간에 골목길이 어두운가요?,치안
밤에 골목길이 어두운지 알고 싶어요.,치안
저녁에 골목이 밝은 편인가요?,치안
골목이 밤에 얼마나 어두운가요?,치안
숙소 주변 골목길이 밤에 어둡나요?,치안
야간에 골목이 밝은지요?,치안
밤에 골목이 어두운지 궁금합니다.,치안
저녁에 골목길이 어둡나요?,치안
숙소 근처 골목길이 밤에 어두운지요?,치안
골목이 밤에 얼마나 밝은가요?,치안
숙소 근처 골목이 야간에 어두운지요?,치안
밤에 골목길이 얼마나 밝은지요?,치안
야간에 골목길이 어두운지 궁금합니다.,치안
저녁에 골목길이 밝은 편인지요?,치안
밤에 골목길이 어두운지 알고 싶습니다.,치안
숙소 근처 골목이 밤에 어두운지요?,치안
골목이 야간에 어두운지 알고 싶어요.,치안
야간에 골목길이 얼마나 어두운지요?,치안
숙소 근처 골목길이 밤에 얼마나 어두운가요?,치안
밤에 골목이 얼마나 밝은가요?,치안
저녁에 골목길이 어두운지요?,치안
숙소 주변 골목길이 야간에 어두운가요?,치안
야간에 골목이 밝은지 궁금해요.,치안
밤에 골목길이 많이 어두운가요?,치안
골목이 밤에 어두운지 알고 싶어요.,치안
숙소 근처 골목이 밤에 어두운 편인가요?,치안
야간에 골목길이 밝은지 궁금합니다.,치안
밤에 골목길이 얼마나 어두운지요?,치안
숙소 근처 골목길이 저녁에 어두운가요?,치안
골목이 야간에 얼마나 어두운가요?,치안
저녁에 골목이 많이 어둡나요?,치안
숙소 근처 골목이 야간에 어두운지 궁금해요.,치안
야간에 골목이 어두운지요?,치안
밤에 골목길이 밝은지 알고 싶습니다.,치안
숙소 주변 골목길이 밤에 얼마나 어둡나요?,치안
야간에 골목길이 많이 어두운가요?,치안
저녁에 골목이 어두운 편인지요?,치안
숙소 근처 골목길이 야간에 밝은지 궁금해요.,치안
밤에 골목이 밝은 편인가요?,치안
숙소 근처 골목이 야간에 얼마나 어두운가요?,치안
야간에 골목길이 어두운 편인가요?,치안
저녁에 골목길이 많이 어둡나요?,치안
밤에 골목이 어두운지 알고 싶어요.,치안
강아지를 데리고 갈 수 있나요?,반려동물
고양이를 데리고 와도 될까요?,반려동물
애완동물과 함께 머물 수 있나요?,반려동물
반려동물을 허용하나요?,반려동물
동물을 데리고 가도 괜찮나요?,반려동물
애완견과 함께 묵을 수 있나요?,반려동물
근처 지하철역이 어디인가요?,지하철
가장 가까운 지하철역이 어디에 있나요?,지하철
지하철역까지 걸어서 얼마나 걸리나요?,지하철
근처에 지하철역이 있나요?,지하철
지하철을 타려면 어디로 가야 하나요?,지하철
숙소 근처에 지하철역이 있나요?,지하철
샴푸와 린스가 제공되나요?,세면도구
세면도구가 비치되어 있나요?,세면도구
숙소에 칫솔과 치약이 있나요?,세면도구
세면도구는 따로 준비해야 하나요?,세면도구
비누와 샴푸가 구비되어 있나요?,세면도구
수건이 제공되나요?,수건
하루에 몇 개의 수건을 받을 수 있나요?,수건
숙소에서 수건을 사용할 수 있나요?,수건
수건을 매일 새로 제공하나요?,수건
수건이 준비되어 있나요?,수건
주차할 공간이 있나요?,주차
숙소에 주차장이 있나요?,주차
차를 주차할 수 있는 곳이 있나요?,주차
숙소 근처에 주차할 곳이 있나요?,주차
주차장이 숙소에 있나요?,주차
근처에 맛집이 있나요?,맛집
주변에 괜찮은 음식점이 있나요?,맛집
맛집을 추천해 줄 수 있나요?,맛집
숙소 주변에 음식점이 있나요?,맛집
근처에서 먹을 만한 곳이 있나요?,맛집
숙소 안에서 음식을 먹어도 되나요?,취식
방 안에서 식사가 가능한가요?,취식
음식을 숙소에서 먹을 수 있나요?,취식
숙소 안에서 음식을 먹어도 괜찮나요?,취식
얼리 체크인이 가능한가요?,체크인
조기 체크인 할 수 있나요?,체크인
체크인을 일찍 할 수 있나요?,체크인
얼리 체크인이 허용되나요?,체크인
일찍 체크인 가능합니까?,체크인
조금 일찍가도 될까요?,체크인
숙소에 조리도구가 준비되어 있나요?,조리도구
주방에 필요한 도구가 있나요?,조리도구
취사를 위한 도구가 비치되어 있나요?,조리도구
조리 도구가 갖춰져 있나요?,조리도구
요리할 수 있는 도구가 있나요?,조리도구
와도 반려동물을 데리고 되나요?,반려동물
동반할 있나요? 수 애완동물을,반려동물
숙박 함께 가능한가요? 반려동물과,반려동물
입장이 허용되나요? 애완동물,반려동물
반려동물 출입이 가능한지요?,반려동물
데려가도 강아지를 되나요?,반려동물
애완동물을 허용하나요?,반려동물
가능한가요? 이용 함께 반려동물과,반려동물
수 숙소에 있나요? 동행할 반려동물과,반려동물
묵을 있나요? 애완동물과 수 함께,반려동물
수 있나요? 반려동물과 머물 함께,반려동물
숙박할 반려동물을 데리고 수 있나요?,반려동물
동반 가능 싶어요. 여부를 알고 반려동물과,반려동물
함께 이용할 수 있나요? 애완동물과,반려동물
반려동물을 궁금합니다. 허용하는지,반려동물
허용되나요? 동반이 펫,반려동물
함께 가능한가요? 숙박 강아지와,반려동물
있나요? 갈 수 데리고 고양이를,반려동물
애완동물과 동행해도 괜찮나요?,반려동물
지내도 함께 반려동물과 되나요?,반려동물
괜찮은지요? 반려동물을 데리고 가도,반려동물
가능한지 알려주세요. 입장이 반려동물,반려동물
함께 수 반려동물과 체크인할 있나요?,반려동물
허용하는 숙소인가요? 반려동물을,반려동물
동반이 허용되나요? 동물,반려동물
들어가도 되나요? 데리고 애완동물을,반려동물
고양이 가능한가요? 동반이 강아지나,반려동물
싶어요. 여부를 동반 펫 확인하고,반려동물
알고 머무를 있는지 반려동물과 수 싶습니다.,반려동물
있나요? 정책이 애완동물 허용,반려동물
데리고 체크인할 수 반려동물을 있나요?,반려동물
숙소인가요? 가능한 반려동물 입장이,반려동물
강아지를 데려갈 있나요? 수 숙소에,반려동물
묵을 수 반려동물과 있나요? 함께,반려동물
고양이를 괜찮나요? 데려와도,반려동물
확인 수 동반할 부탁드려요. 반려동물과 있는지,반려동물
수 지낼 함께 펫과 있나요?,반려동물
알고 여부를 반려동물 싶습니다. 허용,반려동물
고양이 가능한가요? 강아지나 입장이,반려동물
있는지요? 숙소에 반려동물을 수 데려갈,반려동물
반려동물과 있나요? 함께 묵을 수,반려동물
반려동물과의 동반이 가능한가요?,반려동물
수 반려동물을 데려갈 있나요? 숙소에,반려동물
애완동물과 숙박 가능한지요?,반려동물
체크인 가능한가요? 반려동물과 함께,반려동물
강아지를 수 있는지요? 데려갈,반려동물
애완동물 허용되나요? 입장이,반려동물
고양이와 수 머물 있나요? 함께,반려동물
허용하는 숙소인가요? 반려동물을,반려동물
숙박이 동반 가능한지 반려동물 궁금합니다.,반려동물
수 있나요? 강아지를 갈 데리고,반려동물
데리고 고양이를 와도 될까요?,반려동물
애완동물과 함께 수 있나요? 머물,반려동물
허용하나요? 반려동물을,반려동물
가도 데리고 동물을 괜찮나요?,반려동물
애완견과 함께 묵을 있나요? 수,반려동물
건조기 있나요? 세탁기,세탁시설
있나요? 세탁기와 사용할 수 건조기를,세탁시설
수 할 세탁과 있나요? 건조를 장비가 있는,세탁시설
있나요? 세탁기와 건조기가 비치되어,세탁시설
있나요? 세탁기와 숙소에 건조기가,세탁시설
세탁 시설이 있나요? 구비되어,세탁시설
수 건조기를 있나요? 사용할 세탁기나,세탁시설
이용할 세탁 수 시설을 있나요?,세탁시설
세탁기/건조기가 있나요? 마련되어,세탁시설
제공하나요? 세탁기를,세탁시설
건조기를 제공하나요?,세탁시설
있는 수 세탁기가 있나요? 빨래할,세탁시설
세탁기와 가능한가요? 이용이 건조기,세탁시설
수 있나요? 내 세탁기를 숙소 사용할,세탁시설
장비가 수 있는 세탁할 있나요?,세탁시설
설치되어 세탁기와 건조기가 있나요?,세탁시설
건조기 사용 알고 싶어요. 여부를 세탁기나,세탁시설
건조기를 숙소에서 세탁기와 사용할 수 있나요?,세탁시설
있나요? 사용할 세탁기를 수,세탁시설
있나요? 수 건조기를 사용할,세탁시설
세탁기가 있는지요? 숙소에,세탁시설
마련되어 세탁기가 있나요?,세탁시설
건조기와 세탁기를 제공하나요?,세탁시설
세탁기를 사용할 있는지요? 수,세탁시설
숙소에 건조기가 세탁기와 있나요?,세탁시설
있나요? 수 시설이 있는 빨래할,세탁시설
알려주세요. 세탁기와 사용 여부를 건조기,세탁시설
세탁을 내에서 할 숙소 수 있나요?,세탁시설
있나요? 마련되어 시설이 세탁,세탁시설
건조기 구비되어 시설이 있나요? 세탁기와,세탁시설
숙소에 있나요? 세탁기와 건조기가 준비되어,세탁시설
이용할 있는지요? 수 세탁기를,세탁시설
숙소에서 있나요? 할 수 빨래를,세탁시설
가능한가요? 건조기 이용이,세탁시설
세탁과 건조가 가능한지요?,세탁시설
수 세탁 이용할 있나요? 시설을,세탁시설
세탁기와 있나요? 건조기가 구비되어,세탁시설
있는지요? 수 세탁을 할,세탁시설
수 있나요? 사용할 세탁기와 건조기를,세탁시설
마련되어 있나요? 건조를 수 있는 세탁과 장비가 할,세탁시설
있나요? 수 건조를 빨래와 숙소에서 할,세탁시설
세탁기와 대여가 건조기 가능한가요?,세탁시설
시설이 숙소에 있나요? 세탁기/건조기,세탁시설
세탁기나 숙소에 있나요? 건조기가 구비되어,세탁시설
있나요? 시설이 세탁 준비되어,세탁시설
이용할 있나요? 세탁기를 수 숙소에서,세탁시설
빨래할 있는 건조기가 있나요? 수 세탁기와,세탁시설
건조기 사용할 세탁기와 수 있나요? 시설을,세탁시설
이용이 세탁 시설 가능한가요?,세탁시설
숙소에서 수 있는지 궁금합니다. 세탁을 할,세탁시설
세탁기와 알고 건조기 여부를 싶습니다. 사용,세탁시설
있나요? 추가할 수 침구류를,침구추가
이불을 요청할 수 있나요? 추가,침구추가
수 있나요? 침구를 추가로 받을,침구추가
요청할 더 이불을 있나요? 수,침구추가
베개를 있나요? 받을 추가 수,침구추가
수 요청할 있는지요? 추가 침구류를,침구추가
침구를 수 있나요? 더 받을,침구추가
있나요? 이불을 제공받을 추가로 수,침구추가
침구류 추가 가능한가요? 제공이,침구추가
더 있나요? 침구류를 받을 수 숙소에서,침구추가
있나요? 제공받을 추가 수 이불을,침구추가
더 수 있나요? 제공해 침구류를 줄,침구추가
추가로 요청할 있나요? 수 침구를,침구추가
수 숙소에 이불을 더 있나요? 요청할,침구추가
추가 있나요? 베개와 이불을 수 받을,침구추가
요청할 침구류를 숙소에서 수 있나요? 추가,침구추가
있나요? 지급받을 수 이불을 추가로,침구추가
있는지요? 수 제공받을 침구를 추가,침구추가
수 받을 침구류를 있나요? 더,침구추가
있나요? 더 수 이불을 제공받을,침구추가
추가로 있나요? 베개와 요청할 수 이불을,침구추가
궁금합니다. 제공이 침구류 가능한지 추가,침구추가
제공하나요? 추가로 이불을,침구추가
수 숙소에서 추가 받을 침구류를 있나요?,침구추가
이불 제공이 추가 가능한지요?,침구추가
숙소에 이불을 있나요? 제공받을 수 추가,침구추가
수 침구류를 있나요? 추가로 요청할,침구추가
받을 침구류를 추가로 수 있나요?,침구추가
있나요? 받을 추가 수 숙소에서 이불을,침구추가
추가 수 요청할 베개를 있나요?,침구추가
침구를 추가 주시나요? 제공해,침구추가
받을 수 있는지요? 더 침구를,침구추가
수 이불을 받을 추가로 있나요?,침구추가
알고 이불 가능한지 제공이 싶습니다. 추가,침구추가
이불을 요청할 수 있나요? 추가 베개와,침구추가
수 추가로 요청할 침구류를 있나요?,침구추가
숙소에서 받을 더 수 이불을 있나요?,침구추가
있나요? 수 제공받을 추가 베개를,침구추가
숙소에서 추가로 제공하나요? 침구를,침구추가
추가가 침구류 가능한지요?,침구추가
숙소에서 제공이 추가 이불 가능한가요?,침구추가
받을 있나요? 더 베개를 수,침구추가
수 알고 있는지 싶습니다. 추가로 받을 침구류를,침구추가
침구류를 더 숙소에서 제공하나요?,침구추가
추가할 있나요? 침구를 수,침구추가
받을 베개를 숙소에서 추가로 수 있나요?,침구추가
침구류 추가 가능한지요? 제공이,침구추가
이불을 추가로 받을 수 있나요?,침구추가
더 이불을 베개와 있나요? 제공받을 수,침구추가
체크인 가능한가요? 얼리,얼리 체크인
가능한가요? 얼리 체크인이,얼리 체크인
체크인이 가능한가요 얼리,얼리 체크인
수 있나요 일찍 체크인할,얼리 체크인
입실할 있나요? 수 일찍,얼리 체크인
가능한지 궁금합니다. 체크인이 조기,얼리 체크인
체크인 제공되나요? 얼리,얼리 체크인
있나요? 체크인을 일찍 할 더 수,얼리 체크인
체크인을 조기 허용하나요? 숙소에서,얼리 체크인
수 일찍 체크인할 숙소에서 있나요?,얼리 체크인
할 체크인을 미리 수 있나요?,얼리 체크인
입실이 가능한지요? 조기,얼리 체크인
숙소에서 더 일찍 할 체크인을 수 있나요?,얼리 체크인
체크인을 제공하나요? 얼리,얼리 체크인
일찍 할 체크인을 수 있는지요?,얼리 체크인
체크인할 미리 숙소에서 있나요? 수,얼리 체크인
궁금합니다. 입실 일찍 가능한지,얼리 체크인
할 얼리 체크인을 있나요? 수,얼리 체크인
일찍 체크인을 있나요? 할 수 평소보다,얼리 체크인
조기 싶습니다. 체크인 알고 여부를 가능,얼리 체크인
있나요? 빨리 수 할 더 체크인을,얼리 체크인
수 얼리 체크인을 요청할 있나요?,얼리 체크인
일찍 입실 숙소에서 가능한가요?,얼리 체크인
궁금합니다. 수 미리 체크인을 있는지 할,얼리 체크인
가능 얼리 알려주세요. 체크인 여부를,얼리 체크인
할 더 평소보다 수 일찍 있나요? 체크인을,얼리 체크인
있나요? 빨리 할 수 체크인을 더,얼리 체크인
빨리 있나요? 더 숙소에서 체크인할 수,얼리 체크인
있는지요? 체크인을 얼리 수 요청할,얼리 체크인
더 평소보다 수 일찍 있나요? 체크인을 할,얼리 체크인
조기 제공하나요? 체크인을,얼리 체크인
체크인을 수 부탁드립니다. 할 일찍 확인 있는지,얼리 체크인
미리 있나요? 수 진행할 체크인을,얼리 체크인
체크인이 숙소에서 허용되나요? 조기,얼리 체크인
체크인할 있는지요? 수 일찍,얼리 체크인
조기 가능한지 궁금합니다. 입실이 숙소에서,얼리 체크인
더 있나요? 체크인을 수 일찍 할,얼리 체크인
체크인 여부를 수 있나요? 확인해 주실 가능 얼리,얼리 체크인
숙소에서 가능한가요? 빨리 더 체크인,얼리 체크인
체크인을 일찍 수 있는지 평소보다 할 궁금합니다.,얼리 체크인
제공되나요? 조기 체크인이 숙소에서,얼리 체크인
알고 싶습니다. 있는지 조기 할 수 체크인을,얼리 체크인
수 진행할 있나요? 체크인을 얼리,얼리 체크인
숙소에서 진행할 있나요? 체크인을 미리 수,얼리 체크인
수 입실을 조기 요청할 있나요?,얼리 체크인
더 체크인을 할 있나요? 수 빠르게,얼리 체크인
체크인을 허용하나요? 얼리,얼리 체크인
빠르게 진행할 있나요? 체크인을 수,얼리 체크인
있는지 할 알고 싶습니다. 체크인을 미리 수,얼리 체크인
가능한가요? 숙소에서 조기 체크인이,얼리 체크인
지하철역이 가까운 어디인가요?,지하철
가장 지하철역이 어디에 있나요? 가까운,지하철
근처에 어디인가요? 있는 지하철역은,지하철
가까운 알려주세요 가장 숙소에서 지하철역을,지하철
숙소에서 지하철역이 가까운 궁금해요,지하철
있나요? 어디에 지하철역이 주변,지하철
알려주세요 전철역을 가장 가까운,지하철
근처 어디인지요? 지하철역이,지하철
가나요? 가까운 어떻게 지하철역까지 가장,지하철
싶습니다. 있는 알고 근처에 지하철역을 숙소,지하철
근방 어디인가요? 지하철역이,지하철
알려주세요. 숙소에서 전철역을 가까운,지하철
가까운 어디인가요? 숙소와 지하철역은,지하철
지하철역을 있나요? 갈 어떻게 가장 가까운 수,지하철
숙소 위치를 수 알려주실 지하철역 있나요? 근처,지하철
숙소에서 가장 지하철역을 안내해주세요. 가까운,지하철
있나요? 전철역은 어디에 근처,지하철
전철역이 있나요? 근처에 숙소,지하철
가까운 수 찾아갈 전철역을 가장 있나요?,지하철
지하철역이 가장 궁금합니다 숙소와 가까운,지하철
주변 위치를 지하철역 싶어요 알고,지하철
가는 지하철역까지 방법을 알려주세요 근처 숙소,지하철
걸리나요? 전철역까지 가까운 가장 얼마나 숙소에서,지하철
알고 가장 위치를 지하철역의 가까운 싶습니다,지하철
숙소에서 수 있는 지하철역은 가장 어디인가요? 걸어갈 가까운,지하철
어떻게 갈 숙소에서 있나요? 가까운 지하철역까지 수,지하철
궁금해요. 지하철역이 인접한 숙소와,지하철
방법을 알려주세요. 지하철역까지 가는 있는 근처에,지하철
지하철역을 싶습니다. 숙소 위치한 알고 주변에,지하철
숙소와 가까운 전철역까지 이동하는 방법을 알려주세요.,지하철
있나요? 숙소 위치를 있는 수 근처에 지하철역 알려주실,지하철
가까운 얼마나 지하철역까지 가장 걸리나요?,지하철
가까운 숙소에서 경로를 알고 가는 싶어요. 전철역까지,지하철
지하철역까지 숙소와 수 걸어갈 가장 가까운 있나요?,지하철
숙소 어디인가요? 있는 전철역이 주변에,지하철
이동하나요? 어떻게 위치한 지하철역까지 근처에,지하철
거리가 가까운 지하철역까지의 궁금해요,지하철
가장 지하철역을 방법을 찾아가는 가까운 알려주세요 숙소에서,지하철
걸어가는 지하철역까지 얼마나 숙소 걸리나요? 데 위치한 근처에,지하철
길을 가장 가는 가까운 알려주세요 전철역까지,지하철
지하철역까지 가장 이동하나요? 가까운 숙소에서 대중교통으로 어떻게,지하철
교통편을 수 숙소와 가까운 지하철역까지 있나요? 알려주실 가는,지하철
근처에 수 있나요? 확인할 위치를 있는 지하철역,지하철
가는 지하철역까지 방법을 가장 위치한 알려주세요 근처에 숙소 가까운,지하철
위치가 전철역 숙소와 궁금해요 가까운,지하철
가까운 얼마나 데 전철역까지 걸리나요? 가는 가장,지하철
숙소에서 가까운 이동하는 궁금합니다 전철역까지 가장 방법이,지하철
어디인가요? 지하철역이 근처,지하철
가까운 가장 어디에 지하철역이 있나요?,지하철
얼마나 걸리나요? 지하철역까지 걸어서,지하철
있나요? 지하철역이 근처에,지하철
지하철을 어디로 가야 타려면 하나요?,지하철
있나요? 지하철역이 숙소 근처에,지하철
숙소 조리도구가 내에 갖춰져있나요?,조리도구
비치되어 있나요? 숙소에 조리도구가,조리도구
있는 조리할 숙소에 도구가 마련되어 있나요? 수,조리도구
주방용품을 제공하나요? 숙소에서,조리도구
궁금합니다. 구비된 기구가 숙소인지 조리,조리도구
사용할 조리도구를 수 숙소 있나요? 내에서,조리도구
용품이 마련되어 있나요? 숙소에 주방,조리도구
조리 숙소 기구가 비치되어 내 주방에 있나요?,조리도구
조리도구가 모두 주방에 있나요? 갖춰져 필요한,조리도구
있나요? 주방용품을 사용할 숙소에서 수,조리도구
비치된 조리도구가 숙소인지요?,조리도구
구비된 주방 용품이 숙소인가요?,조리도구
숙소 기구가 조리 있나요? 내에 마련되어,조리도구
있는 있나요? 도구가 요리할 수 조리 숙소에서,조리도구
수 사용할 조리 기구를 있는지요?,조리도구
요리할 있는 수 있나요? 도구가 숙소에,조리도구
모두 있나요? 갖춰져 도구가 주방,조리도구
주방용품이 있는지 구비되어 궁금합니다,조리도구
수 사용할 조리도구를 있나요?,조리도구
내에서 조리 도구가 있나요? 가능한 숙소,조리도구
필요한 준비되어 있나요? 도구가 주방에,조리도구
비치되어 조리 있나요? 기구가,조리도구
할 있는 요리를 수 숙소에서 있나요? 도구가,조리도구
도구가 준비되어 있나요? 주방,조리도구
조리도구를 제공하나요?,조리도구
조리 있나요? 구비되어 기구가,조리도구
비치되어 숙소에 있나요? 주방용품이,조리도구
수 있나요? 사용할 숙소에서 조리도구를,조리도구
안에 조리도구가 있나요? 방 준비되어,조리도구
있는지요? 구비되어 조리도구가,조리도구
내에 갖춰져 주방용품이 숙소 있나요?,조리도구
주방 도구가 궁금합니다. 제공하는 숙소에서,조리도구
수 때 조리할 숙소에서 도구가 있는 있나요? 사용할,조리도구
주방 마련되어 있는지요? 도구가 숙소에,조리도구
숙소에서 조리 기구를 수 있나요? 사용할,조리도구
수 있나요? 요리할 숙소에서 있는 용품이 비치되어 주방,조리도구
구비되어 숙소 도구가 주방 내에 있나요?,조리도구
준비되어 도구가 있는 있나요? 수 숙소에서 요리할,조리도구
준비되어 숙소에 조리도구가 있나요?,조리도구
도구가 필요한 있나요? 주방에,조리도구
비치되어 취사를 있나요? 도구가 위한,조리도구
있나요? 조리 갖춰져 도구가,조리도구
있나요? 수 도구가 있는 요리할,조리도구
주변에 있나요? 맛집이,맛집
맛집을 유명한 주변에서 알려주세요,맛집
싶습니다 수 식사할 곳을 추천받고 있는 이 근처에서,맛집
가볼 궁금해요 맛집이 주변에서 만한,맛집
이 있나요? 추천할 만한 맛집이 지역에서,맛집
찾고 유명한 근처에서 싶어요 식당을,맛집
만한 추천할 주변에 식당이 있나요? 숙소,맛집
맛집이 좋은 이 있나요? 근방에서 가성비,맛집
있나요? 만한 식당이 갈 숙소 근처에,맛집
이 지역에서 유명한 음식점이 있나요?,맛집
있나요? 음식을 파는 맛있는 곳이 근처에,맛집
숙소 맛집을 찾을 주변에서 있나요? 수,맛집
만한 곳을 식사할 근처에서 찾고 있어요,맛집
맛집을 근처에서 수 식사할 추천해 있는 숙소 주세요,맛집
인기 주변에 음식점이 많은 있나요?,맛집
근방에 있는지요? 맛있는 음식점이,맛집
있나요? 알려진 지역에서 잘 식당이 이,맛집
근처에서 먹을 곳을 싶어요. 숙소 만한 추천받고,맛집
식사할 근처에서 좋은 있나요? 만한 곳이,맛집
가성비 좋은 맛집이 주변에서 있나요?,맛집
근방에 추천 부탁드립니다. 이 맛집,맛집
맛있다고 곳이 근처에 있나요? 소문난,맛집
가볼 있나요? 만한 주변에서 식당이,맛집
근방에서 맛집을 있나요? 있어요 찾고 수 추천해 주실,맛집
먹을 근처에서 있나요? 곳이 만한,맛집
이 지역에서 있는 맛집이 있나요? 인기,맛집
주변에 숙소 음식을 먹을 있는 있나요? 곳이 수 맛있는,맛집
수 있는 알려주실 근처에 있나요? 맛집을,맛집
어디에 유명한 있나요? 주변에서 맛집이,맛집
알고 이 지역 맛집 싶습니다 정보를,맛집
맛집이 근처에 숙소 있나요? 만한 추천할,맛집
있나요? 근처에 맛있는 음식점이 이,맛집
맛집 주변에 부탁드려요. 추천,맛집
맛있다고 주변에서 식당이 소문난 있나요?,맛집
있나요? 가볼 맛집이 근방에 만한,맛집
주변에 유명한 숙소 있나요? 맛집이,맛집
알고 지역에 싶어요. 이 인기 음식점을 있는,맛집
추천해주실 있나요? 수 맛집 근처,맛집
유명한 맛집을 근처에서 수 찾을 있나요? 이,맛집
근처에 있나요? 숙소 식당이 맛있는,맛집
갈 있나요? 주변에서 맛집이 만한,맛집
맛집이 근처에 있는지요? 이,맛집
맛있는 찾을 식당을 근처에서 있나요? 수,맛집
이 맛집을 수 있나요? 추천받을 지역에,맛집
어디 맛집이 근방에 있나요?,맛집
맛집이 있나요? 근처에 인기 있는,맛집
음식을 곳이 있나요? 먹을 수 있는 맛있는,맛집
있나요? 만한 추천할 맛집이 주변에,맛집
식당이 근방에 있나요? 유명한 이,맛집
근처에 맛집이 있나요?,맛집
있나요? 맛집이 근처에,맛집
있나요? 음식점이 괜찮은 주변에,맛집
추천해 수 맛집을 줄 있나요?,맛집
주변에 숙소 음식점이 있나요?,맛집
있나요? 곳이 만한 근처에서 먹을,맛집
린스 구비 샴푸와 여부,세면도구
준비되어 있나요? 샴푸와 린스가,세면도구
린스가 제공되나요? 샴푸와,세면도구
욕실에 린스가 있나요? 샴푸와,세면도구
있나요? 린스가 샴푸와 비치되어 숙소에,세면도구
수 있나요? 샴푸와 린스를 사용할,세면도구
린스가 포함된 샴푸와 숙소인가요?,세면도구
샴푸와 린스가 비치된 숙소인가요?,세면도구
샴푸와 린스가 제공되나요? 무료로,세면도구
용품이 헤어 있나요? 구비되어,세면도구
제공되나요? 컨디셔너가 샴푸와,세면도구
숙소인가요? 샴푸와 구비된 린스가,세면도구
샴푸와 수 있는지요? 린스를 사용할,세면도구
있나요? 비치되어 욕실에 린스가 샴푸와,세면도구
제공되나요? 린스가 모두 샴푸와,세면도구
샴푸와 무료 린스가 제공인지요?,세면도구
헤어 있나요? 숙소에 용품이 구비되어,세면도구
알고 싶습니다. 여부를 제공 린스 샴푸와,세면도구
기본으로 제공되나요? 린스가 숙소에 샴푸와,세면도구
린스가 곳인가요? 모두 구비된 샴푸와,세면도구
린스가 기본으로 제공되나요? 샴푸와,세면도구
린스가 있는지요? 포함되어 샴푸와,세면도구
샴푸와 있나요? 린스를 수 제공받을,세면도구
린스는 준비해야 샴푸와 따로 하나요?,세면도구
있는지요? 린스가 샴푸와 숙소에 구비되어,세면도구
린스가 샴푸와 숙소에서 제공되나요?,세면도구
린스가 샴푸와 있나요? 갖춰져 욕실에,세면도구
린스를 샴푸와 숙소에서 제공하나요?,세면도구
린스를 싶습니다. 알고 사용할 있는지 수 샴푸와,세면도구
준비되어 있는지요? 린스가 모두 샴푸와,세면도구
샴푸와 린스가 숙소에 있나요? 준비되어,세면도구
린스가 궁금합니다. 숙소인지 샴푸와 구비된,세면도구
린스가 샴푸와 싶습니다. 알고 제공되는지,세면도구
비치되어 샴푸와 숙소에서 있나요? 린스가,세면도구
기본 확인할 린스가 수 제공인지 있나요? 샴푸와,세면도구
있는지 린스가 궁금해요. 샴푸와 구비되어,세면도구
린스를 샴푸와 제공하나요?,세면도구
숙소에서 샴푸와 린스가 제공되나요?,세면도구
비치되어 린스는 샴푸와 있나요? 숙소에,세면도구
린스 여부가 제공 샴푸와 궁금합니다.,세면도구
숙소에 있나요? 샴푸와 린스가,세면도구
비치된 숙소인지요? 린스가 샴푸와,세면도구
헤어케어 용품이 있나요? 준비되어,세면도구
있나요? 샴푸와 구비되어 린스가 숙소에,세면도구
있나요? 구비하고 린스를 샴푸와,세면도구
알고 싶습니다. 여부를 샴푸와 제공 린스,세면도구
린스가 샴푸와 알려주세요. 있는지 구비되어,세면도구
린스가 제공인지요? 샴푸와 기본,세면도구
샴푸와 수 린스를 사용할 있나요?,세면도구
샴푸와 숙소에서 제공하나요? 린스를,세면도구
제공되나요? 샴푸와 무료 린스가,세면도구
샴푸와 제공되나요? 린스가,세면도구
세면도구가 있나요? 비치되어,세면도구
칫솔과 치약이 있나요? 숙소에,세면도구
따로 세면도구는 준비해야 하나요?,세면도구
비누와 있나요? 샴푸가 구비되어,세면도구
제공 하루에 수건,수건제공
하루에 수건 몇 개 제공되나요?,수건제공
나오나요? 장 수건이 하루에 몇,수건제공
장 있나요? 몇 하루에 받을 수건은 수,수건제공
몇 장 기준으로 하루 제공되나요? 수건은,수건제공
수건 하루 제공되나요? 동안 장이 몇,수건제공
받나요? 몇 수건 개 1박당,수건제공
제공되나요? 몇 수건은 장 매일,수건제공
하루에 개수가 궁금해요. 제공되는 수건의,수건제공
하루에 몇 나오는지요? 장 수건은,수건제공
동안 몇 수건 하루 개 제공해주시나요?,수건제공
몇 개 수건을 제공받나요? 하루당,수건제공
하루에 수건을 받을 몇 있나요? 장 수,수건제공
수 기준으로 있나요? 몇 1일 개 받을 수건,수건제공
개씩 몇 수건은 나오는지요? 매일,수건제공
장인가요? 수건은 몇 제공되는 하루에,수건제공
몇 수건 기준으로 장 수 하루 받을 있나요?,수건제공
장씩 몇 1일에 제공되나요? 수건은,수건제공
수건이 몇 하루당 개나 제공되나요?,수건제공
수건 몇 개가 매일 제공되는지요?,수건제공
지급되나요? 수건은 하루에 몇 개씩,수건제공
제공되나요? 수건이 장 1박 몇 기준으로,수건제공
장 싶습니다. 몇 알고 제공되는지 하루에 수건이,수건제공
제공되나요? 수건 장 몇 하루당,수건제공
몇 제공되나요? 개 수건이 매일,수건제공
제공되나요? 수건은 장씩 하루에 몇,수건제공
하루에 몇 제공되나요? 숙소에서 장 수건이,수건제공
개인가요? 수건의 제공되는 몇 개수는 하루에,수건제공
하루 얼마나 기준으로 제공되나요? 수건이,수건제공
장 하루에 있나요? 받을 몇 수건을 수,수건제공
매일 수건은 제공되나요?,수건제공
하루에 제공되는 수는 수건의 몇 장인가요?,수건제공
지급되나요? 몇 하루에 수건은 장,수건제공
궁금합니다. 수건이 개 몇 하루에 제공되는지,수건제공
몇 장씩 하루당 수건은 제공되나요?,수건제공
몇 수 개 있나요? 수건을 하루에 받을,수건제공
장이나 제공되나요? 몇 수건이 하루에,수건제공
몇 장 수건이 하루 기준으로 제공되나요?,수건제공
수건 하루에 몇 개를 제공하나요? 숙소에서,수건제공
장 몇 지급되는지요? 수건이 하루에,수건제공
수건을 장씩 있나요? 수 하루에 몇 받을,수건제공
수건 하루당 제공량은 몇 개인가요?,수건제공
나오는지 싶어요. 하루에 수건이 알고 장씩 몇,수건제공
몇 수건은 장씩 제공되는지요? 하루에,수건제공
알려주세요. 수 몇 있는지 받을 수건 하루에 장,수건제공
지급되나요? 몇 장 매일 수건이,수건제공
궁금합니다. 수건이 제공되는지 매일,수건제공
몇 수건의 개수는 개인가요? 하루에 제공되는,수건제공
몇 수건은 지급되나요? 하루당 장,수건제공
조식 제공,조식
제공되나요? 조식이,조식
식사가 아침 있나요?,조식
수 이용할 있나요? 조식을,조식
아침 숙소에서 식사를 제공하나요?,조식
있나요? 포함되어 조식은,조식
수 있나요? 조식을 받을,조식
식사가 아침 제공되나요?,조식
조식이 있는지요? 포함되어,조식
숙소에서 수 있나요? 식사를 아침 먹을,조식
제공하나요? 아침 식사를 숙소에서,조식
서비스가 있나요? 조식,조식
제공하는지 조식을 궁금해요.,조식
수 있나요? 숙소에서 이용할 조식을,조식
제공하는지요? 식사를 아침,조식
있나요? 수 먹을 조식을,조식
제공되나요? 조식은 따로,조식
숙소에서 조식이 포함되나요?,조식
조식이 무료로 제공되나요?,조식
제공 궁금합니다. 여부가 조식,조식
조식이 있나요? 숙소에서 제공하는,조식
포함되나요? 아침 식사는,조식
조식을 제공하나요? 숙소에서,조식
여부를 포함 알고 조식 싶어요.,조식
조식을 수 받을 있는지요?,조식
아침 제공되나요? 무료로 식사가,조식
포함되어 있나요? 숙박 조식은 요금에,조식
조식을 제공하나요?,조식
아침 별도로 제공되나요? 식사는,조식
숙소에서 조식이 나오나요?,조식
있나요? 아침 식사를 추가로 수 받을,조식
조식을 먹을 궁금해요. 수 있는지,조식
아침 있나요? 숙소에서 수 먹을 식사를,조식
어떻게 제공되나요? 조식은,조식
조식을 있나요? 신청할 수,조식
식사 시간은 언제인가요? 아침,조식
비용이 있나요? 조식은 추가,조식
싶어요. 포함 확인하고 여부를 조식,조식
궁금해요. 시간이 조식 제공,조식
형식인가요? 뷔페 조식은,조식
따로 하나요? 예약해야 조식은,조식
조식이 제공되는지 숙소에서 알고 싶습니다.,조식
조식 여부가 궁금합니다. 제공,조식
수 어디서 조식은 먹을 있나요?,조식
조식은 객실로 배달되나요?,조식
수 받을 무료로 조식을 있나요?,조식
주나요? 아침 숙소에서 식사를 준비해,조식
메뉴가 궁금합니다. 조식,조식
조식은 형식으로 제공되나요? 어떤,조식
조식은 자동으로 포함되나요?,조식
조식을 제공하나요? 숙소에서,조식
가능 주차,주차
주차가 가능한가요?,주차
수 주차할 차를 있나요?,주차
주차 숙소에 있나요? 공간이,주차
이용할 수 있나요? 주차장을,주차
수 주차할 숙소에 있나요?,주차
주차 제공되나요? 시설이,주차
있나요? 주차할 공간이 차를,주차
주차가 숙소인가요? 가능한,주차
있는지 궁금해요. 주차장이,주차
주차할 제공하나요? 공간을,주차
있나요? 주차 시설이,주차
있나요? 수 주차할 차를 어디에,주차
있나요? 숙소에 주차장이,주차
공간이 있나요? 주차,주차
곳이 주차 가능한 있나요?,주차
주차 서비스를 제공하나요?,주차
주차가 숙소에서 가능한지요?,주차
수 있는 공간이 있나요? 차를 주차할,주차
여부를 주차 싶어요. 알고 가능,주차
주차장은 있나요? 어디에,주차
있는 주차할 수 있나요? 시설이,주차
곳이 있나요? 주차할 안전하게 차를,주차
무료로 주차가 제공되나요?,주차
숙소에서 있나요? 수 이용할 주차장을,주차
수 있나요? 예약할 주차 공간을,주차
주차할 수 있는 있나요? 주차장이 차를,주차
공간이 숙소에 제공되나요? 주차,주차
있는지 알고 싶어요. 수 주차를 할,주차
있는지 싶습니다. 확인하고 주차장이,주차
가능한가요? 주차 시설 이용이,주차
수 할 무료로 주차를 있나요?,주차
곳이 있는 수 주차할 차를 있나요?,주차
주차장이 있는지 궁금합니다.,주차
주차 사용할 공간을 있나요? 수,주차
있는지요? 수 어디에 주차할 차를,주차
주차가 허용되나요?,주차
숙소에서 주차가 가능한가요?,주차
수 알려주세요. 주차할 있는지,주차
있나요? 주차장이 준비되어,주차
차를 공간을 주차할 제공하나요?,주차
주차가 가능한지 알고 숙소에서 싶습니다.,주차
주차 공간을 제공하나요?,주차
마련되어 주차할 곳이 있나요?,주차
수 있나요? 공간이 있는 주차할 차를,주차
있나요? 어디에서 수 주차는 할,주차
있는지요? 주차 수 사용할 공간을,주차
주차할 있나요? 숙소에서 수,주차
차를 있나요? 주차할 장소가,주차
수 공간을 예약할 주차 있는지요?,주차
주차장을 제공하나요? 숙소에서,주차
공간이 주차할 있나요?,주차
숙소에 있나요? 주차장이,주차
있는 수 차를 주차할 있나요? 곳이,주차
있나요? 숙소 주차할 근처에 곳이,주차
숙소에 주차장이 있나요?,주차
취식 가능 실내,실내취식
가능한가요? 식사가 실내에서,실내취식
안에서 음식을 먹을 방 있나요? 수,실내취식
실내 취식이 허용되나요?,실내취식
실내에서 되나요? 먹어도 음식을,실내취식
있나요? 식사할 실내에서 숙소에서 수,실내취식
방에서 음식을 있나요? 섭취할 수,실내취식
취식할 있나요? 수 실내에서,실내취식
있나요? 실내에서 수 숙소에서 음식을 먹을,실내취식
섭취가 음식 실내에서 가능한가요?,실내취식
할 방 안에서 수 식사를 있나요?,실내취식
취식이 궁금해요. 가능한지 실내에서,실내취식
실내 취식이 숙소에서 허용되나요?,실내취식
먹을 있나요? 음식을 수 실내에서,실내취식
실내 여부가 궁금해요. 가능 취식,실내취식
음식을 가능한가요? 것이 먹는 방에서,실내취식
되나요? 실내에서 식사해도,실내취식
실내에서 허용되나요? 음식 섭취가,실내취식
먹을 음식을 안에서 숙소 있나요? 수,실내취식
가능 실내 여부를 취식 싶어요. 알고,실내취식
방 허용되나요? 안에서 취식이,실내취식
가능한지요? 실내 숙소 취식이 내에서,실내취식
먹어도 되나요? 음식을 방에서,실내취식
수 취식할 실내에서 있나요? 숙소에서,실내취식
있나요? 할 식사를 실내에서 수,실내취식
가능한지요? 음식 실내에서 섭취가,실내취식
방에서 가능한지요? 취식이,실내취식
음식을 수 있나요? 실내에서 섭취할,실내취식
가능한가요? 식사가 숙소 내에서,실내취식
안에서 되는지 방 음식을 먹어도 궁금해요.,실내취식
싶어요. 알고 가능한지 취식이 실내,실내취식
음식을 되나요? 섭취해도 방에서,실내취식
수 안에서 먹을 숙소에서 음식을 방 있나요?,실내취식
있는지요? 음식을 섭취할 실내에서 수,실내취식
할 알고 싶습니다. 수 있는지 실내에서 식사를,실내취식
방에서 수 먹을 음식을 있는지요?,실내취식
숙소 취식이 안에서 가능한가요?,실내취식
취식을 있는지요? 실내에서 할 수,실내취식
먹는 허용되나요? 실내에서 음식 것이,실내취식
취식을 수 방에서 할 있나요?,실내취식
것이 실내에서 가능한가요? 식사하는,실내취식
실내 숙소 수 취식을 내에서 있나요? 할,실내취식
수 궁금합니다. 있는지 실내에서 음식을 섭취할,실내취식
음식을 섭취할 안에서 있는지요? 방 수,실내취식
실내에서 가능한가요? 음식 먹기가,실내취식
있는지 식사할 실내에서 궁금해요. 수,실내취식
먹는 방에서 음식을 것이 허용되나요?,실내취식
수 취식을 있나요? 실내에서 할,실내취식
실내에서 음식을 숙소에서 있나요? 수 섭취할,실내취식
것이 섭취하는 음식을 허용되나요? 방에서,실내취식
있는지 실내에서 먹을 수 궁금해요. 음식을,실내취식
주변 관광지 추천,관광지 추천
추천해 만한 가볼 주세요. 관광지를 주변에,관광지 추천
관광지를 알려주세요. 근처에 있는,관광지 추천
추천 숙소 관광지 부탁드립니다. 주변에,관광지 추천
가볼 만한 곳이 이 근방에 있나요?,관광지 추천
추천해 주변 있나요? 주실 명소를 수,관광지 추천
있나요? 어디에 근처에 명소가 관광,관광지 추천
관광지를 주변 숙소 알려주실 있나요? 수,관광지 추천
있나요? 가볼 만한 지역에 관광지가 이,관광지 추천
있나요? 관광지가 근방에 유명한,관광지 추천
관광 추천해 주변 명소를 주세요.,관광지 추천
주실 가까운 관광지를 수 있나요? 추천해,관광지 추천
알려주세요. 곳을 근처에서 만한 방문할,관광지 추천
어디인가요? 숙소 만한 가볼 관광지는 근처에서,관광지 추천
명소를 주변 주세요. 추천해,관광지 추천
이 알고 싶습니다. 지역에 관광지를 유명한,관광지 추천
주변에 만한 관광 명소가 있나요? 숙소 가볼,관광지 추천
갈 만한 관광지가 근방에서 이 있나요?,관광지 추천
추천해 주세요. 관광지를 주변에서 만한 방문할,관광지 추천
주실 추천해 수 근처 관광지를 있나요?,관광지 추천
싶어요. 숙소 알고 명소를 근처,관광지 추천
알려주세요. 명소를 주변 관광 숙소,관광지 추천
근방의 이 싶습니다. 추천받고 관광지를,관광지 추천
가볼 있나요? 숙소 근처에서 곳이 만한,관광지 추천
만한 주세요. 곳을 추천해 관광할 근처에서,관광지 추천
있는 알려주세요. 수 관광지를 방문할 주변에서,관광지 추천
이 있나요? 수 주실 근방의 추천해 명소를,관광지 추천
주세요. 추천해 관광 명소를 근처,관광지 추천
갈 알려주세요. 관광지를 만한 숙소 근처에서,관광지 추천
정보를 알고 싶습니다. 주변 관광지,관광지 추천
유명한 지역에서 관광지를 이 추천해 주세요.,관광지 추천
추천해 주변의 수 있나요? 숙소 명소를 주실,관광지 추천
관광 있나요? 가볼 만한 명소가 근처에,관광지 추천
싶어요. 근방에 관광지를 있는 알고 숙소,관광지 추천
관광 명소를 주변에 추천해 주세요.,관광지 추천
근처에서 관광지는 숙소 만한 방문할 어디인가요?,관광지 추천
지역에서 이 명소를 추천해 유명한 주세요.,관광지 추천
가볼 만한 알고 싶어요. 근처에서 관광지를,관광지 추천
있나요? 정보를 추천해 수 주실 근처 숙소 관광지,관광지 추천
추천받고 관광지를 싶습니다. 주변,관광지 추천
숙소에서 관광지를 알려주세요. 가까운,관광지 추천
있나요? 있는 근처에서 명소가 이 방문할 수,관광지 추천
근처에 관광할 만한 명소가 있나요?,관광지 추천
추천해 지역의 명소를 주세요. 관광 이,관광지 추천
근처 명소를 관광 숙소 싶어요. 추천받고,관광지 추천
주세요. 유명한 근처에서 관광지를 추천해,관광지 추천
명소가 만한 있나요? 방문할 주변에서,관광지 추천
관광 만한 명소를 갈 알려주세요. 주변에서 숙소,관광지 추천
지역에서 주실 관광지를 이 만한 수 있나요? 가볼 추천해,관광지 추천
있는 명소를 근처에서 수 주세요. 관광할 추천해,관광지 추천
정보를 싶습니다. 주변 명소 추천받고,관광지 추천
짐 보관 질문,짐 보관
체크아웃 체크인 있나요? 후에 짐을 수 전이나 보관할,짐 보관
곳이 수 있나요? 짐을 맡길 전이나 체크아웃 후에 있는 체크인,짐 보관
짐을 체크인 있나요? 전에 수 보관할,짐 보관
맡길 체크아웃 수 짐을 후에 있나요?,짐 보관
있나요? 수 짐을 체크인 맡겨둘 전에,짐 보관
보관할 수 체크아웃 짐을 있나요? 후,짐 보관
체크인 이용할 후에 짐 체크아웃 서비스를 수 보관 있나요? 전이나,짐 보관
있는지요? 맡길 체크인 전에 수 짐을,짐 보관
후에 짐을 체크아웃 있나요? 수 맡겨둘,짐 보관
보관해 후에 체크아웃 체크인 전이나 짐을 주시나요?,짐 보관
짐을 있는지요? 보관할 체크인 수 전에,짐 보관
수 궁금합니다. 후에 맡길 체크아웃 짐을 있는지,짐 보관
짐을 수 보관할 후에 체크아웃 체크인 있나요? 곳이 있는 전이나,짐 보관
수 체크인 전후에 짐을 보관할 있나요?,짐 보관
있나요? 체크아웃 보관해 줄 후에 수 짐을,짐 보관
맡길 수 있나요? 체크인 전에 짐을,짐 보관
수 체크아웃 후에도 있나요? 맡길 짐을,짐 보관
체크인 보관이 가능한가요? 짐 전에,짐 보관
수 보관할 체크아웃 후에도 있나요? 짐을,짐 보관
전후에 체크인 수 맡길 짐을 있나요?,짐 보관
수 맡길 체크아웃 후에 짐을 있는지요?,짐 보관
맡길 체크아웃 전이나 후에도 체크인 짐을 있나요? 수,짐 보관
체크인 수 전에 곳이 짐을 있나요? 보관할 있는,짐 보관
체크아웃 보관 서비스가 짐 제공되나요? 후,짐 보관
있는지 전후에 맡길 궁금해요. 체크인 수 짐을,짐 보관
후 알고 짐을 싶어요. 보관할 체크아웃 수 있는지,짐 보관
전 보관이 체크인 가능한가요? 짐,짐 보관
체크아웃 후에도 맡아주나요? 짐을,짐 보관
공간이 전이나 맡길 후에 체크아웃 체크인 있나요? 짐을,짐 보관
후에 체크인 짐을 체크아웃 수 보관할 전이나 있나요?,짐 보관
있는지요? 후에 체크아웃 맡겨둘 수 짐을,짐 보관
체크인 맡아줄 전에 있나요? 짐을 수,짐 보관
보관이 짐 체크아웃 후 가능한가요?,짐 보관
전후로 수 짐을 맡길 있나요? 체크인,짐 보관
공간이 있나요? 짐을 맡길 체크인 있는 전에 수,짐 보관
체크아웃 수 맡겨둘 짐을 있나요? 후,짐 보관
궁금해요. 전이나 체크인 있는지 보관할 수 후 체크아웃 짐을,짐 보관
체크아웃 후에 맡길 짐을 수 있나요?,짐 보관
맡아주나요? 짐을 전이나 체크아웃 후에 체크인,짐 보관
줄 짐을 있나요? 전에 체크인 보관해 수,짐 보관
있는지요? 짐을 수 체크아웃 후에 보관할,짐 보관
짐을 있나요? 맡겨둘 전에 체크인 수,짐 보관
수 맡아줄 짐을 후에 체크아웃 있나요?,짐 보관
후에 주나요? 보관해 체크아웃 전이나 체크인 짐을,짐 보관
있는 맡길 서비스가 짐을 체크아웃 수 후에 있나요?,짐 보관
후에 체크인 맡아줄 체크아웃 짐을 수 전이나 있는지요?,짐 보관
있나요? 보관할 짐을 체크인 수 전에,짐 보관
짐을 맡길 알려주세요. 있는지 체크아웃 수 후에,짐 보관
체크인 짐 후 체크아웃 가능한가요? 보관이 전이나,짐 보관
있나요? 짐을 체크아웃 보관해 후에 줄 수,짐 보관
서비스 청소 질문,청소
시 숙박 장기 서비스를 제공하나요? 청소,청소
청소해 머무르면 주나요? 이상 2박,청소
장기 포함되나요? 시 투숙 청소가,청소
숙박할 경우 주나요? 2박 이상 청소해,청소
이상 2박 때 청소 머물 제공되나요? 서비스가,청소
숙박 청소를 중 해주나요? 장기,청소
이상 숙박 포함되나요? 2박 시 청소가 숙소에서,청소
장기 서비스가 시 투숙 청소 제공되나요?,청소
이상 2박 청소가 제공되나요? 묵으면,청소
청소를 받을 수 있나요? 장기 숙박 시,청소
주나요? 이상 있을 청소를 해 때 2박,청소
시 해주나요? 장기 숙박 청소를,청소
서비스를 머물면 2박 청소 받나요? 이상,청소
장기 숙박 중 포함되나요? 청소가,청소
길어지면 청소를 숙박 제공하나요? 기간이,청소
제공하나요? 이상 청소를 때 2박 숙박할,청소
수 청소 경우 장기 서비스를 있나요? 투숙할 받을,청소
머물 때 2박 청소를 이상 수 있나요? 받을,청소
시 청소를 제공하나요? 숙박 장기,청소
숙박 2박 이상 있나요? 시 서비스가 청소,청소
2박 청소해주나요? 이상 숙박하면,청소
제공되나요? 청소 장기 서비스가 숙박 중,청소
장기 포함되는지 시 청소가 숙박 궁금합니다.,청소
머물 받을 경우 청소 서비스를 있나요? 수 2박 이상,청소
서비스가 투숙할 청소 2박 이상 있나요? 때,청소
해 주나요? 숙박하면 장기 청소를,청소
제공하나요? 있을 2박 청소 이상 서비스를 때,청소
받을 청소를 장기 투숙 시 있나요? 수,청소
머물면 이상 청소가 2박 제공되나요?,청소
숙박 청소 서비스가 시 포함되나요? 장기,청소
경우 이상 2박 해 숙박할 청소를 주나요?,청소
청소를 중 받을 수 장기 있나요? 숙박,청소
청소 이상 숙박하면 2박 제공하나요? 서비스를,청소
청소가 포함되나요? 장기 시 숙박,청소
머물면 서비스를 있나요? 2박 받을 이상 수 청소,청소
주나요? 시 장기 청소해 투숙,청소
이상 2박 있을 제공되나요? 때 청소가,청소
청소가 숙박 시 제공되는지 궁금해요. 장기,청소
경우 머물 청소가 포함되나요? 2박 이상,청소
제공하나요? 서비스를 장기 숙박할 청소 때,청소
수 시 청소를 받을 2박 이상 숙박 있나요?,청소
장기 숙박하면 청소가 제공되나요?,청소
때 포함되나요? 머물 2박 청소가 이상,청소
제공되나요? 장기 중 청소 서비스가 숙박,청소
2박 있는지요? 수 시 청소를 이상 숙박 받을,청소
2박 이상 청소해 시 주나요? 투숙,청소
받을 시 장기 서비스를 수 숙박 있나요? 청소,청소
머물 받을 청소를 2박 수 있나요? 경우 이상,청소
숙박 시 청소가 알고 포함되는지 싶습니다. 장기,청소
개 제공되나요? 몇 칫솔이,칫솔
주나요? 몇 개 칫솔 숙소에서,칫솔
몇 있나요? 수 칫솔은 개 받을,칫솔
개수가 제공 어떻게 되나요? 칫솔,칫솔
개 제공되나요? 몇 칫솔은,칫솔
하루에 제공하나요? 몇 개 칫솔,칫솔
칫솔을 제공하나요? 몇 숙소에서 개,칫솔
수 있나요? 받을 몇 개 칫솔을,칫솔
기본적으로 개 몇 제공되나요? 칫솔은,칫솔
있나요? 칫솔 개 수 몇 받을,칫솔
칫솔 개인가요? 몇 개수는 제공되는 숙소에,칫솔
개씩 제공되나요? 하루에 몇 칫솔은,칫솔
몇 개씩 숙소에서 칫솔을 제공하나요?,칫솔
비치되어 개 칫솔은 있나요? 몇,칫솔
몇 기본으로 칫솔이 개 제공되나요?,칫솔
있는지요? 몇 수 개 받을 칫솔을,칫솔
제공되는 칫솔의 궁금합니다. 숙소에서 개수가,칫솔
몇 칫솔이 있나요? 개 준비되어,칫솔
칫솔 제공 개수를 알고 싶어요.,칫솔
몇 개 칫솔은 지급되나요?,칫솔
제공하나요? 개 하루에 칫솔 숙소에서 몇,칫솔
기본적으로 개씩 제공되나요? 칫솔은 몇,칫솔
있나요? 수 몇 받을 개를 칫솔,칫솔
준비되어 칫솔이 숙소에서 있나요? 몇 개,칫솔
칫솔은 제공되나요? 개로 몇,칫솔
싶어요. 칫솔 개수를 숙소에서 알고 제공하는,칫솔
몇 개 칫솔 제공 가능한가요?,칫솔
있나요? 개나 몇 비치되어 칫솔이 숙소에,칫솔
칫솔을 개 지급하나요? 숙소에서 몇,칫솔
개 제공되는지 싶습니다. 알고 칫솔이 몇,칫솔
기본적으로 제공되나요? 몇 개 칫솔은,칫솔
개수는 하루에 어떻게 칫솔 제공되는 되나요?,칫솔
숙소에서 궁금해요. 칫솔의 개수가 제공하는,칫솔
개씩 제공하나요? 칫솔을 몇,칫솔
받을 개씩 몇 칫솔은 수 있나요?,칫솔
준비되어 칫솔이 몇 있는지요? 개,칫솔
개 몇 숙소에서 제공되나요? 칫솔이,칫솔
개 칫솔이 궁금합니다. 몇 제공되는지,칫솔
숙소에서 제공되는 몇 칫솔은 개인가요?,칫솔
받을 있나요? 수 개 몇 칫솔 하루에,칫솔
칫솔은 지급되나요? 숙소에서 개씩 몇,칫솔
칫솔 가능한가요? 제공이 몇 개나,칫솔
몇 숙소에서 준비해주나요? 개 칫솔을,칫솔
몇 개가 칫솔 제공되는지요?,칫솔
개수가 숙소에서 궁금해요. 칫솔 제공,칫솔
하루에 개 제공되나요? 칫솔은 몇,칫솔
받을 개 숙소에서 칫솔을 수 있나요? 몇,칫솔
몇 제공되는지요? 개씩 칫솔은,칫솔
개나 숙소에서 제공하는 칫솔이 되는지요? 몇,칫솔
OTT 수 있나요? 숙소에서 서비스를 이용할,OTT
OTT가 제공되나요?,OTT
있나요? 이 숙소에 OTT 서비스가,OTT
방에서 있나요? 사용할 OTT를 수,OTT
OTT 서비스가 있나요? 포함되어 숙소에,OTT
OTT 서비스가 제공되나요?,OTT
수 시청할 숙소에서 이 OTT를 있나요?,OTT
이용할 OTT 플랫폼을 수 있나요?,OTT
OTT 수 사용할 서비스를 있나요?,OTT
숙소에 있나요? 설치되어 OTT가,OTT
OTT가 제공되는지 궁금합니다.,OTT
서비스를 수 있나요? 숙소에서 OTT 시청할,OTT
안에서 방 있나요? 수 OTT를 이용할,OTT
제공하나요? 이 서비스를 OTT 숙소는,OTT
있나요? OTT 플랫폼이,OTT
수 사용할 있는지 싶습니다. 알고 OTT를,OTT
있나요? OTT가 숙소에,OTT
서비스는 제공되나요? OTT,OTT
수 시청할 있나요? 방에서 OTT를,OTT
OTT 서비스가 포함되어 있나요?,OTT
이 수 OTT를 있나요? 숙소에서 사용할,OTT
플랫폼이 OTT 제공되나요?,OTT
있나요? 이용할 수 OTT를,OTT
제공하나요? OTT를 숙소에서,OTT
플랫폼이 있나요? 숙소에 이 OTT,OTT
제공되는지요? OTT가,OTT
있나요? 수 OTT를 숙소에서 사용할,OTT
방에서 제공되나요? 서비스가 OTT,OTT
지원하나요? 숙소는 OTT를 이,OTT
서비스를 수 OTT 이용할 있나요?,OTT
OTT 플랫폼을 제공하나요?,OTT
OTT 있나요? 숙소에 서비스가,OTT
OTT를 있나요? 수 사용할,OTT
숙소는 제공하나요? OTT 서비스를 이,OTT
서비스를 OTT 궁금합니다. 사용할 수 있는지,OTT
플랫폼을 숙소에서 있나요? OTT 이용할 수,OTT
지원하나요? OTT를 숙소에서,OTT
포함되어 궁금합니다. 서비스가 OTT 있는지,OTT
수 숙소에서 OTT를 있는지요? 사용할,OTT
OTT를 시청할 궁금합니다. 수 안에서 있는지 방,OTT
OTT가 설치되어 있나요?,OTT
이 숙소에서 수 있나요? 사용할 OTT 플랫폼을,OTT
숙소에서 서비스가 있나요? OTT 제공하는,OTT
수 OTT 있나요? 플랫폼을 사용할,OTT
제공하나요? OTT를,OTT
OTT가 이 제공되나요? 숙소에,OTT
사용할 수 숙소에서 OTT 있나요? 서비스를,OTT
서비스를 시청할 OTT 있나요? 수,OTT
OTT가 제공되나요? 숙소에서,OTT
수 사용할 OTT를 싶어요. 알고 있는지,OTT
넷플릭스 이용할 서비스를 숙소에서 있나요? 수,OTT
넷플릭스가 제공되나요?,OTT
서비스가 이 있나요? 넷플릭스 숙소에,OTT
넷플릭스를 수 사용할 있나요? 방에서,OTT
넷플릭스 서비스가 포함되어 있나요? 숙소에,OTT
넷플릭스 제공되나요? 서비스가,OTT
이 숙소에서 시청할 있나요? 넷플릭스를 수,OTT
넷플릭스 있나요? 수 이용할 플랫폼을,OTT
넷플릭스 사용할 서비스를 수 있나요?,OTT
설치되어 넷플릭스가 있나요? 숙소에,OTT
제공되는지 궁금합니다. 넷플릭스가,OTT
있나요? 서비스를 넷플릭스 숙소에서 시청할 수,OTT
있나요? 안에서 넷플릭스를 이용할 방 수,OTT
넷플릭스 서비스를 숙소는 제공하나요? 이,OTT
플랫폼이 넷플릭스 있나요?,OTT
알고 싶습니다. 수 넷플릭스를 있는지 사용할,OTT
넷플릭스가 있나요? 숙소에,OTT
제공되나요? 서비스는 넷플릭스,OTT
있나요? 방에서 넷플릭스를 시청할 수,OTT
서비스가 넷플릭스 포함되어 있나요?,OTT
사용할 넷플릭스를 수 이 있나요? 숙소에서,OTT
제공되나요? 플랫폼이 넷플릭스,OTT
있나요? 이용할 수 넷플릭스를,OTT
넷플릭스를 제공하나요? 숙소에서,OTT
숙소에 플랫폼이 이 있나요? 넷플릭스,OTT
제공되는지요? 넷플릭스가,OTT
있나요? 숙소에서 넷플릭스를 사용할 수,OTT
서비스가 제공되나요? 넷플릭스 방에서,OTT
숙소는 이 지원하나요? 넷플릭스를,OTT
있나요? 넷플릭스 서비스를 이용할 수,OTT
제공하나요? 넷플릭스 플랫폼을,OTT
넷플릭스 서비스가 있나요? 숙소에,OTT
수 넷플릭스를 있나요? 사용할,OTT
서비스를 제공하나요? 숙소는 넷플릭스 이,OTT
서비스를 수 사용할 넷플릭스 궁금합니다. 있는지,OTT
이용할 플랫폼을 넷플릭스 있나요? 숙소에서 수,OTT
넷플릭스를 숙소에서 지원하나요?,OTT
넷플릭스 궁금합니다. 포함되어 있는지 서비스가,OTT
수 숙소에서 있는지요? 사용할 넷플릭스를,OTT
방 수 있는지 안에서 넷플릭스를 시청할 궁금합니다.,OTT
설치되어 넷플릭스가 있나요?,OTT
사용할 있나요? 플랫폼을 이 숙소에서 수 넷플릭스,OTT
넷플릭스 있나요? 숙소에서 서비스가 제공하는,OTT
있나요? 넷플릭스 수 플랫폼을 사용할,OTT
넷플릭스를 제공하나요?,OTT
이 숙소에 제공되나요? 넷플릭스가,OTT
수 사용할 숙소에서 넷플릭스 있나요? 서비스를,OTT
시청할 있나요? 넷플릭스 서비스를 수,OTT
제공되나요? 숙소에서 넷플릭스가,OTT
사용할 알고 수 넷플릭스를 있는지 싶어요.,OTT
숙소에서 이용할 서비스를 수 티빙 있나요?,OTT
티빙이 제공되나요?,OTT
있나요? 티빙 서비스가 이 숙소에,OTT
방에서 티빙을 수 있나요? 사용할,OTT
숙소에 티빙 서비스가 포함되어 있나요?,OTT
티빙 서비스가 제공되나요?,OTT
티빙을 수 있나요? 이 시청할 숙소에서,OTT
수 플랫폼을 티빙 이용할 있나요?,OTT
티빙 서비스를 사용할 수 있나요?,OTT
숙소에 티빙이 있나요? 설치되어,OTT
궁금합니다. 제공되는지 티빙이,OTT
서비스를 숙소에서 시청할 있나요? 수 티빙,OTT
이용할 방 안에서 티빙을 수 있나요?,OTT
이 티빙 제공하나요? 서비스를 숙소는,OTT
티빙 플랫폼이 있나요?,OTT
싶습니다. 티빙을 있는지 알고 수 사용할,OTT
숙소에 티빙이 있나요?,OTT
제공되나요? 서비스는 티빙,OTT
있나요? 수 시청할 티빙을 방에서,OTT
포함되어 있나요? 티빙 서비스가,OTT
사용할 티빙을 수 이 숙소에서 있나요?,OTT
플랫폼이 티빙 제공되나요?,OTT
이용할 티빙을 있나요? 수,OTT
숙소에서 제공하나요? 티빙을,OTT
티빙 플랫폼이 이 숙소에 있나요?,OTT
티빙이 제공되는지요?,OTT
수 사용할 숙소에서 티빙을 있나요?,OTT
서비스가 티빙 제공되나요? 방에서,OTT
티빙을 숙소는 이 지원하나요?,OTT
티빙 이용할 서비스를 수 있나요?,OTT
플랫폼을 티빙 제공하나요?,OTT
서비스가 티빙 있나요? 숙소에,OTT
사용할 있나요? 티빙을 수,OTT
서비스를 이 티빙 제공하나요? 숙소는,OTT
수 사용할 궁금합니다. 서비스를 있는지 티빙,OTT
티빙 수 이용할 플랫폼을 있나요? 숙소에서,OTT
숙소에서 티빙을 지원하나요?,OTT
궁금합니다. 티빙 있는지 포함되어 서비스가,OTT
티빙을 숙소에서 수 사용할 있는지요?,OTT
안에서 수 티빙을 방 있는지 궁금합니다. 시청할,OTT
있나요? 티빙이 설치되어,OTT
있나요? 이 수 티빙 숙소에서 플랫폼을 사용할,OTT
숙소에서 서비스가 있나요? 티빙 제공하는,OTT
플랫폼을 사용할 티빙 수 있나요?,OTT
제공하나요? 티빙을,OTT
이 티빙이 제공되나요? 숙소에,OTT
티빙 서비스를 사용할 수 있나요? 숙소에서,OTT
서비스를 수 시청할 티빙 있나요?,OTT
제공되나요? 숙소에서 티빙이,OTT
있는지 수 티빙을 싶어요. 알고 사용할,OTT
소음이 있나요?,소음
조용한 숙소는 편인가요? 이,소음
숙소에서 소음이 들리나요?,소음
있는지요? 방 안에서 소음이,소음
이 소음이 숙소는 심한가요?,소음
소음이 어느 정도인가요?,소음
시끄러운 주변이 편인가요? 숙소,소음
방은 이 소음이 있나요?,소음
숙소가 조용한지 궁금해요.,소음
소음이 주변 많은가요?,소음
숙소에서 소음이 편인가요? 나는,소음
소음이 심한가요? 이곳은,소음
싶어요. 숙소가 알고 조용한지,소음
많이 들리나요? 소음이,소음
방 시끄러운지요? 안이,소음
있는지요? 소음이 숙소는 이,소음
소음이 곳인가요? 심한,소음
숙소 주변이 조용한지요?,소음
소음이 느껴지나요? 방에서,소음
숙소에서 소음이 발생하나요?,소음
환경이 시끄러운가요? 주변,소음
편인가요? 이 숙소는 소음이 나는,소음
소음이 있나요? 얼마나,소음
숙소가 조용한가요?,소음
소음이 많은 편인가요?,소음
방 안에서 느껴지는지요? 소음이,소음
숙소는 조용한지 궁금해요.,소음
편인가요? 없는 소음이,소음
소음이 많은가요? 숙소 주변에,소음
이 숙소는 시끄러운가요?,소음
궁금해요. 있는지 소음이,소음
방에서 나는지요? 소음이,소음
심한가요? 숙소는 소음이,소음
심한지 알고 소음이 싶어요.,소음
숙소는 조용한지요? 이,소음
있는지요? 주변 소음이,소음
안에서 들리나요? 소음이 방,소음
주변이 숙소 시끄러운지요?,소음
심한지요? 이 소음이 숙소는,소음
얼마나 소음이 느껴지나요?,소음
곳인가요? 조용한 숙소는,소음
느껴지나요? 소음이,소음
들리나요? 소음이 방에서,소음
숙소는 소음이 이 궁금합니다. 있는지,소음
조용한가요? 주변은 숙소,소음
큰 편인가요? 소음이,소음
숙소에서 소음이 있는지요?,소음
많은지요? 소음이 방 안이,소음
소음이 얼마나 숙소에서 들리나요?,소음
싶습니다. 있는지 소음이 알고,소음
걸리나요? 몇 바다까지 분,바다
되나요? 바다까지 얼마나 거리가 숙소에서,바다
궁금해요. 시간이 바다까지 걸리는,바다
분 거리인가요? 바다까지 몇 숙소에서,바다
바다까지 걸리나요? 걸어서 분 몇,바다
걸리나요? 얼마나 바다까지,바다
걸리나요? 바다까지 가는 데 시간이 얼마나,바다
거리가 되나요? 얼마나 바다까지,바다
얼마나 바다와 되나요? 거리는 숙소 사이의,바다
바다까지 몇 분이 소요되나요?,바다
바다까지 숙소에서 얼마나 가는 데 걸리나요?,바다
도보로 거리인가요? 몇 분 바다까지,바다
걸리나요? 바다까지 시간이 숙소에서 얼마나,바다
바다까지 분이 데 몇 가는 걸리나요?,바다
되나요? 소요 시간이 바다까지 어떻게,바다
숙소에서 시간은 되나요? 바다까지 걸리는 얼마나,바다
도보로 얼마나 바다까지 걸리나요?,바다
몇 바다와 간의 숙소 분인가요? 거리는,바다
숙소에서 분 몇 도보로 걸리나요? 바다까지,바다
분 데 걸리나요? 이동하는 바다까지 몇,바다
소요되나요? 바다까지 시간이 얼마나,바다
거리는 숙소와 사이의 몇 분인가요? 바다,바다
걷는 시간이 얼마나 바다까지 데 걸리나요?,바다
바다까지 데 얼마나 시간은 소요 이동하는 되나요?,바다
시간은 분인가요? 몇 걸리는 바다까지 데 가는,바다
바다까지 숙소에서 걸리나요? 분 정도 몇,바다
몇 걷는 데 소요되나요? 분 바다까지,바다
바다까지 시간이 이동 궁금해요.,바다
가는 시간이 걸리는 데 바다까지 궁금해요.,바다
걸리나요? 시간이 도보로 얼마나 바다까지,바다
정도인가요? 몇 거리는 바다와 분 숙소의,바다
바다까지 몇 소요되나요? 분,바다
숙소에서 바다까지 이동 되나요? 얼마나 시간이,바다
소요되나요? 얼마나 바다까지,바다
걸리는 시간이 바다까지 분인가요? 몇,바다
걸리나요? 걸어가면 바다까지 몇 숙소에서 분,바다
바다까지 걸리나요? 분 도보로 정도 몇,바다
얼마나 데 바다까지 가는 걸리나요? 숙소에서 시간이,바다
얼마나 바다까지 걸리는지요? 도보로,바다
바다까지 숙소에서 걸리나요? 분이 몇,바다
분 숙소 몇 바다와 거리가 정도인가요? 간의,바다
바다까지 궁금해요. 가는 시간이,바다
숙소에서 시간은 이동 분인가요? 바다까지 몇,바다
되나요? 바다까지 도보로 얼마나 시간이 이동,바다
분 바다까지 걸리나요? 정도 걸어서 몇,바다
숙소에서 되나요? 얼마나 거리는 바다까지,바다
얼마나 시간이 소요되나요? 바다까지 데 가는,바다
분 바다까지 몇 싶습니다. 거리인지 알고,바다
시간이 궁금합니다. 바다까지 소요 숙소에서,바다
밤에 많이 골목이 어둡나요?,치안
저녁에 골목이 어두운가요?,치안
골목길이 편인가요? 밝은 밤에,치안
밤에 골목이 어둡나요? 숙소 주변,치안
어두운 야간에 편인가요? 골목이,치안
밤에 어두운가요? 골목길이 얼마나,치안
숙소 어두운지 골목이 근처 궁금해요. 밤에,치안
어두운가요? 야간에 골목길이,치안
싶어요. 어두운지 알고 골목길이 밤에,치안
밝은 골목이 편인가요? 저녁에,치안
얼마나 골목이 밤에 어두운가요?,치안
주변 밤에 숙소 골목길이 어둡나요?,치안
밝은지요? 골목이 야간에,치안
궁금합니다. 골목이 밤에 어두운지,치안
저녁에 골목길이 어둡나요?,치안
밤에 근처 숙소 골목길이 어두운지요?,치안
골목이 밤에 밝은가요? 얼마나,치안
근처 숙소 야간에 어두운지요? 골목이,치안
밤에 밝은지요? 골목길이 얼마나,치안
어두운지 야간에 궁금합니다. 골목길이,치안
골목길이 편인지요? 밝은 저녁에,치안
골목길이 밤에 어두운지 싶습니다. 알고,치안
숙소 골목이 밤에 근처 어두운지요?,치안
야간에 어두운지 골목이 알고 싶어요.,치안
골목길이 어두운지요? 야간에 얼마나,치안
밤에 골목길이 얼마나 근처 숙소 어두운가요?,치안
골목이 밝은가요? 얼마나 밤에,치안
저녁에 어두운지요? 골목길이,치안
어두운가요? 골목길이 숙소 주변 야간에,치안
야간에 밝은지 골목이 궁금해요.,치안
골목길이 밤에 많이 어두운가요?,치안
어두운지 밤에 싶어요. 알고 골목이,치안
밤에 편인가요? 어두운 근처 골목이 숙소,치안
야간에 골목길이 궁금합니다. 밝은지,치안
어두운지요? 골목길이 밤에 얼마나,치안
숙소 골목길이 저녁에 어두운가요? 근처,치안
골목이 얼마나 야간에 어두운가요?,치안
어둡나요? 골목이 많이 저녁에,치안
골목이 야간에 어두운지 궁금해요. 근처 숙소,치안
야간에 어두운지요? 골목이,치안
밝은지 싶습니다. 밤에 알고 골목길이,치안
숙소 얼마나 어둡나요? 밤에 골목길이 주변,치안
야간에 어두운가요? 골목길이 많이,치안
편인지요? 골목이 저녁에 어두운,치안
근처 궁금해요. 골목길이 야간에 숙소 밝은지,치안
골목이 밝은 밤에 편인가요?,치안
얼마나 야간에 근처 골목이 숙소 어두운가요?,치안
어두운 골목길이 편인가요? 야간에,치안
어둡나요? 저녁에 많이 골목길이,치안
어두운지 밤에 싶어요. 알고 골목이,치안
제공되나요? 수건이,수건
수건을 받을 몇 있나요? 개의 하루에 수,수건
수건을 있나요? 수 숙소에서 사용할,수건
새로 제공하나요? 매일 수건을,수건
있나요? 준비되어 수건이,수건
되나요? 먹어도 안에서 음식을 숙소,취식
식사가 안에서 방 가능한가요?,취식
수 숙소에서 있나요? 음식을 먹을,취식
음식을 안에서 괜찮나요? 먹어도 숙소,취식
체크인이 가능한가요? 얼리,체크인
조기 할 있나요? 체크인 수,체크인
할 있나요? 수 체크인을 일찍,체크인
얼리 허용되나요? 체크인이,체크인
체크인 일찍 가능합니까?,체크인
조금 될까요? 일찍가도,체크인
