호스트,숙소명,감사한,만족한,힐링되는,신나는,경험적인,불만족,양가감정
예원,하이보이,호스트님께서 도움을 많이 주셔서 감사했어요. 다시 한 번 방문하고 싶습니다!,감사한
예원,하이보이,호스트님께서 계속 도와주셔서 너무 감사했어요! 다음에 또 방문하겠습니다 :),감사한
예원,하이보이,호스트님께서 도움을 많이 주셔서 감사했습니다.,감사한
예원,하이보이,도움을 주셔서 감사했습니다.,감사한
예원,하이보이,도움을 많이 주셔서 감사했습니다.,감사한
예원,하이보이,도움주셔서 감사했습니다.,만족한
예원,하이보이,호스트님께서 도움주셔서 감사했습니다.,감사한
예원,하이보이,호스트님께서 도움 많이 주셔서 감사했습니다.,감사한
예원,하이보이,호스트님께서 도움을 많이 주셔서 너무 감사했습니다.,감사한
예원,하이보이,"호스트님께서 도움을 많이 주셔서 감사했습니다.
",감사한
예원,하이보이,호스트님께서 도움을 많이 주셔서 감사했어요.,감사한
예원,하이보이,호스트님께서 도움을 많이 주셔서 감사했습니다.,감사한
,,,만족한
민지,하이보이,호스트님께서 도움을 많이주셔서 감사했습니다 :),감사한
